"","intera",".value",".lower",".upper",".width",".point",".interval","group1","group2","id"
"1","Bee.B - Bee.A",-0.202546426511424,-0.760400376698341,0.334652486772911,0.95,"mode","hdi","Bee.B","Bee.A","n.s."
"2","Bee.C - Bee.A",-0.158137414967306,-0.549232524345345,0.163788460499609,0.95,"mode","hdi","Bee.C","Bee.A","n.s."
"3","Bee.D - Bee.A",0.176804971293459,-0.269864134997245,0.630314932739598,0.95,"mode","hdi","Bee.D","Bee.A","n.s."
"4","Bee.E - Bee.A",-0.548898543236495,-1.04567678681413,-0.0327416690132988,0.95,"mode","hdi","Bee.E","Bee.A","sig***"
"5","Coleoptera.A - Bee.A",-0.39782708780233,-0.494442974194618,-0.30435810337572,0.95,"mode","hdi","Coleoptera.A","Bee.A","sig***"
"6","Coleoptera.B - Bee.A",-0.219776557939127,-0.801626242570815,0.301028262669071,0.95,"mode","hdi","Coleoptera.B","Bee.A","n.s."
"7","Coleoptera.C - Bee.A",-0.20503867198768,-0.573867052073883,0.130477653196706,0.95,"mode","hdi","Coleoptera.C","Bee.A","n.s."
"8","Coleoptera.D - Bee.A",0.0483581916637158,-0.438423967893319,0.486591777547268,0.95,"mode","hdi","Coleoptera.D","Bee.A","n.s."
"9","Coleoptera.E - Bee.A",-0.602640526348907,-1.20411599341069,0.0469081463012525,0.95,"mode","hdi","Coleoptera.E","Bee.A","n.s."
"10","Diptera.A - Bee.A",-0.247566903310505,-0.312514122670706,-0.167101028957904,0.95,"mode","hdi","Diptera.A","Bee.A","sig***"
"11","Diptera.B - Bee.A",-0.242554491475616,-0.811577174986882,0.278598822566293,0.95,"mode","hdi","Diptera.B","Bee.A","n.s."
"12","Diptera.C - Bee.A",-0.231289017010242,-0.61541979195733,0.094771327726737,0.95,"mode","hdi","Diptera.C","Bee.A","n.s."
"13","Diptera.D - Bee.A",0.0950285687532049,-0.346522850621848,0.55361600337144,0.95,"mode","hdi","Diptera.D","Bee.A","n.s."
"14","Diptera.E - Bee.A",-0.301260076757854,-0.736727982034491,0.248752010353583,0.95,"mode","hdi","Diptera.E","Bee.A","n.s."
"15","Hymenoptera.A - Bee.A",-0.273721714958114,-0.35523186012398,-0.180914237487895,0.95,"mode","hdi","Hymenoptera.A","Bee.A","sig***"
"16","Hymenoptera.B - Bee.A",-0.162108217182648,-0.740268676376356,0.350155297793275,0.95,"mode","hdi","Hymenoptera.B","Bee.A","n.s."
"17","Hymenoptera.C - Bee.A",-0.273807985320306,-0.652699178533271,0.0662183848235932,0.95,"mode","hdi","Hymenoptera.C","Bee.A","n.s."
"18","Hymenoptera.D - Bee.A",-0.107055585638885,-0.565207250168442,0.371374455871345,0.95,"mode","hdi","Hymenoptera.D","Bee.A","n.s."
"19","Hymenoptera.E - Bee.A",-0.462517767390849,-0.985686039073609,0.0350187038080065,0.95,"mode","hdi","Hymenoptera.E","Bee.A","n.s."
"20","Lepidoptera.A - Bee.A",-0.38425030933729,-0.473226498491174,-0.291638446936593,0.95,"mode","hdi","Lepidoptera.A","Bee.A","sig***"
"21","Lepidoptera.B - Bee.A",-0.139293368777627,-0.728552429221556,0.385689334033184,0.95,"mode","hdi","Lepidoptera.B","Bee.A","n.s."
"22","Lepidoptera.C - Bee.A",-0.253811774437478,-0.611849472673587,0.10287196588868,0.95,"mode","hdi","Lepidoptera.C","Bee.A","n.s."
"23","Lepidoptera.D - Bee.A",-0.0616881715932435,-0.510469976920748,0.405471099841123,0.95,"mode","hdi","Lepidoptera.D","Bee.A","n.s."
"24","Lepidoptera.E - Bee.A",-0.366870337946947,-0.869370691003468,0.135226468612602,0.95,"mode","hdi","Lepidoptera.E","Bee.A","n.s."
"25","Syrphidae.A - Bee.A",-0.339013273652533,-0.427651512041671,-0.250241423629816,0.95,"mode","hdi","Syrphidae.A","Bee.A","sig***"
"26","Syrphidae.B - Bee.A",-0.118519631517931,-0.598057587952175,0.518315172519763,0.95,"mode","hdi","Syrphidae.B","Bee.A","n.s."
"27","Syrphidae.C - Bee.A",-0.088691390259379,-0.460760124085583,0.251557247296669,0.95,"mode","hdi","Syrphidae.C","Bee.A","n.s."
"28","Syrphidae.D - Bee.A",0.212745481491035,-0.272119506024938,0.629764473679204,0.95,"mode","hdi","Syrphidae.D","Bee.A","n.s."
"29","Syrphidae.E - Bee.A",0.105122733841806,-0.389589407775829,0.675809194437338,0.95,"mode","hdi","Syrphidae.E","Bee.A","n.s."
"30","Bee.C - Bee.B",0.0300749089175105,-0.43345622582483,0.529648427111699,0.95,"mode","hdi","Bee.C","Bee.B","n.s."
"31","Bee.D - Bee.B",0.375356500445526,-0.172110423759524,0.937428563975173,0.95,"mode","hdi","Bee.D","Bee.B","n.s."
"32","Bee.E - Bee.B",-0.264088143548157,-0.860355832249983,0.268537543935121,0.95,"mode","hdi","Bee.E","Bee.B","n.s."
"33","Coleoptera.A - Bee.B",-0.177337036725261,-0.72708126226171,0.377543936696442,0.95,"mode","hdi","Coleoptera.A","Bee.B","n.s."
"34","Coleoptera.B - Bee.B",-0.0169682549212192,-0.155498384111089,0.102069162475026,0.95,"mode","hdi","Coleoptera.B","Bee.B","n.s."
"35","Coleoptera.C - Bee.B",-0.026961344680684,-0.477390592113895,0.488705543575708,0.95,"mode","hdi","Coleoptera.C","Bee.B","n.s."
"36","Coleoptera.D - Bee.B",0.257375399746992,-0.320709682556922,0.813512658443087,0.95,"mode","hdi","Coleoptera.D","Bee.B","n.s."
"37","Coleoptera.E - Bee.B",-0.390479263055099,-1.05177870657998,0.273893182958174,0.95,"mode","hdi","Coleoptera.E","Bee.B","n.s."
"38","Diptera.A - Bee.B",-0.0404832115625839,-0.575286086144487,0.533597446786834,0.95,"mode","hdi","Diptera.A","Bee.B","n.s."
"39","Diptera.B - Bee.B",-0.0507062746146973,-0.152419286351218,0.0470349203604606,0.95,"mode","hdi","Diptera.B","Bee.B","n.s."
"40","Diptera.C - Bee.B",-0.0498766667165513,-0.500619360315161,0.4565836856783,0.95,"mode","hdi","Diptera.C","Bee.B","n.s."
"41","Diptera.D - Bee.B",0.260074683308952,-0.26210072668983,0.85473558694009,0.95,"mode","hdi","Diptera.D","Bee.B","n.s."
"42","Diptera.E - Bee.B",-0.0377748535116096,-0.572680347180688,0.523702834286159,0.95,"mode","hdi","Diptera.E","Bee.B","n.s."
"43","Hymenoptera.A - Bee.B",-0.0645338367149693,-0.607766903263631,0.503071636330484,0.95,"mode","hdi","Hymenoptera.A","Bee.B","n.s."
"44","Hymenoptera.B - Bee.B",0.0322508863911839,-0.092168807030335,0.140147184942698,0.95,"mode","hdi","Hymenoptera.B","Bee.B","n.s."
"45","Hymenoptera.C - Bee.B",-0.0893792050957201,-0.546281780646201,0.420559125954289,0.95,"mode","hdi","Hymenoptera.C","Bee.B","n.s."
"46","Hymenoptera.D - Bee.B",0.139744071130904,-0.436655133296613,0.701051606573634,0.95,"mode","hdi","Hymenoptera.D","Bee.B","n.s."
"47","Hymenoptera.E - Bee.B",-0.25905226993576,-0.778178720354224,0.361455428897727,0.95,"mode","hdi","Hymenoptera.E","Bee.B","n.s."
"48","Lepidoptera.A - Bee.B",-0.16609156031814,-0.716944132626706,0.387031258204982,0.95,"mode","hdi","Lepidoptera.A","Bee.B","n.s."
"49","Lepidoptera.B - Bee.B",0.0633565033222871,-0.0693167125634759,0.217367308125431,0.95,"mode","hdi","Lepidoptera.B","Bee.B","n.s."
"50","Lepidoptera.C - Bee.B",-0.00563761608386559,-0.516969270261358,0.447227159771515,0.95,"mode","hdi","Lepidoptera.C","Bee.B","n.s."
"51","Lepidoptera.D - Bee.B",0.118400467509186,-0.420420924546939,0.692198152720231,0.95,"mode","hdi","Lepidoptera.D","Bee.B","n.s."
"52","Lepidoptera.E - Bee.B",-0.118735243001036,-0.667000691808652,0.451545729544738,0.95,"mode","hdi","Lepidoptera.E","Bee.B","n.s."
"53","Syrphidae.A - Bee.B",-0.117135444186635,-0.661335367920239,0.440435587701448,0.95,"mode","hdi","Syrphidae.A","Bee.B","n.s."
"54","Syrphidae.B - Bee.B",0.141913546132693,-0.00779736482650017,0.319131541109664,0.95,"mode","hdi","Syrphidae.B","Bee.B","n.s."
"55","Syrphidae.C - Bee.B",0.110565202675885,-0.395408489616387,0.567134264508137,0.95,"mode","hdi","Syrphidae.C","Bee.B","n.s."
"56","Syrphidae.D - Bee.B",0.397609582034527,-0.133224775377373,0.988097200810452,0.95,"mode","hdi","Syrphidae.D","Bee.B","n.s."
"57","Syrphidae.E - Bee.B",0.367235331447361,-0.191183941841401,0.960429696976161,0.95,"mode","hdi","Syrphidae.E","Bee.B","n.s."
"58","Bee.D - Bee.C",0.32324758925409,-0.00514039012861311,0.713261587430054,0.95,"mode","hdi","Bee.D","Bee.C","n.s."
"59","Bee.E - Bee.C",-0.357423157986605,-0.768034829522154,0.0947334178566958,0.95,"mode","hdi","Bee.E","Bee.C","n.s."
"60","Coleoptera.A - Bee.C",-0.223477620912057,-0.570363069958724,0.149538296326197,0.95,"mode","hdi","Coleoptera.A","Bee.C","n.s."
"61","Coleoptera.B - Bee.C",-0.0119015422834537,-0.554994819377583,0.427536840141732,0.95,"mode","hdi","Coleoptera.B","Bee.C","n.s."
"62","Coleoptera.C - Bee.C",-0.0454009238233855,-0.0885816974907501,0.000800269502213569,0.95,"mode","hdi","Coleoptera.C","Bee.C","n.s."
"63","Coleoptera.D - Bee.C",0.216766239769145,-0.167807508417082,0.597161902691723,0.95,"mode","hdi","Coleoptera.D","Bee.C","n.s."
"64","Coleoptera.E - Bee.C",-0.403258684965546,-0.98391006179084,0.192623479681768,0.95,"mode","hdi","Coleoptera.E","Bee.C","n.s."
"65","Diptera.A - Bee.C",-0.046567350270259,-0.421347848081877,0.287454758341251,0.95,"mode","hdi","Diptera.A","Bee.C","n.s."
"66","Diptera.B - Bee.C",-0.058612310973158,-0.573524397899114,0.391972303566772,0.95,"mode","hdi","Diptera.B","Bee.C","n.s."
"67","Diptera.C - Bee.C",-0.0677614084153392,-0.1095490274156,-0.0296356211618979,0.95,"mode","hdi","Diptera.C","Bee.C","sig***"
"68","Diptera.D - Bee.C",0.261343576118491,-0.125113554342833,0.609406067509343,0.95,"mode","hdi","Diptera.D","Bee.C","n.s."
"69","Diptera.E - Bee.C",-0.107399258143522,-0.494287889497104,0.352761842174274,0.95,"mode","hdi","Diptera.E","Bee.C","n.s."
"70","Hymenoptera.A - Bee.C",-0.085843304755579,-0.453208549108199,0.269203481956034,0.95,"mode","hdi","Hymenoptera.A","Bee.C","n.s."
"71","Hymenoptera.B - Bee.C",-0.0114849730546707,-0.487315450584463,0.487345783676704,0.95,"mode","hdi","Hymenoptera.B","Bee.C","n.s."
"72","Hymenoptera.C - Bee.C",-0.115595127718078,-0.157480846470593,-0.0624635125531874,0.95,"mode","hdi","Hymenoptera.C","Bee.C","sig***"
"73","Hymenoptera.D - Bee.C",0.0959484319018123,-0.27848402538473,0.486362511367211,0.95,"mode","hdi","Hymenoptera.D","Bee.C","n.s."
"74","Hymenoptera.E - Bee.C",-0.308807123228792,-0.715532736539241,0.177684430219431,0.95,"mode","hdi","Hymenoptera.E","Bee.C","n.s."
"75","Lepidoptera.A - Bee.C",-0.242316868852389,-0.566469745577173,0.145397706560327,0.95,"mode","hdi","Lepidoptera.A","Bee.C","n.s."
"76","Lepidoptera.B - Bee.C",-0.00613277666884238,-0.472466703081369,0.501296482673661,0.95,"mode","hdi","Lepidoptera.B","Bee.C","n.s."
"77","Lepidoptera.C - Bee.C",-0.0894189182742597,-0.142972528259962,-0.0382702296164812,0.95,"mode","hdi","Lepidoptera.C","Bee.C","sig***"
"78","Lepidoptera.D - Bee.C",0.0790318891460217,-0.267453125260913,0.459535069019165,0.95,"mode","hdi","Lepidoptera.D","Bee.C","n.s."
"79","Lepidoptera.E - Bee.C",-0.187353849740084,-0.6013204168723,0.258910768770491,0.95,"mode","hdi","Lepidoptera.E","Bee.C","n.s."
"80","Syrphidae.A - Bee.C",-0.149468911338677,-0.526966321892047,0.18612057064232,0.95,"mode","hdi","Syrphidae.A","Bee.C","n.s."
"81","Syrphidae.B - Bee.C",0.0866019879433554,-0.389316192465233,0.601779135546226,0.95,"mode","hdi","Syrphidae.B","Bee.C","n.s."
"82","Syrphidae.C - Bee.C",0.072619660126079,0.0266693142477658,0.113889408955715,0.95,"mode","hdi","Syrphidae.C","Bee.C","sig***"
"83","Syrphidae.D - Bee.C",0.341352837874147,0.00599489977798606,0.729426523672427,0.95,"mode","hdi","Syrphidae.D","Bee.C","sig***"
"84","Syrphidae.E - Bee.C",0.289407033790043,-0.138122343939268,0.783209216865221,0.95,"mode","hdi","Syrphidae.E","Bee.C","n.s."
"85","Bee.E - Bee.D",-0.68039165812978,-1.23489890005531,-0.181598761868422,0.95,"mode","hdi","Bee.E","Bee.D","sig***"
"86","Coleoptera.A - Bee.D",-0.587068637793679,-1.0242574701814,-0.127366923895706,0.95,"mode","hdi","Coleoptera.A","Bee.D","sig***"
"87","Coleoptera.B - Bee.D",-0.380551750232068,-1.00361975647044,0.136687903344107,0.95,"mode","hdi","Coleoptera.B","Bee.D","n.s."
"88","Coleoptera.C - Bee.D",-0.380785044758476,-0.763386945245038,-0.0364735371741545,0.95,"mode","hdi","Coleoptera.C","Bee.D","sig***"
"89","Coleoptera.D - Bee.D",-0.1360640389687,-0.267318800877503,-0.00208021091726573,0.95,"mode","hdi","Coleoptera.D","Bee.D","sig***"
"90","Coleoptera.E - Bee.D",-0.76175456671759,-1.36782593818109,-0.0585640086396166,0.95,"mode","hdi","Coleoptera.E","Bee.D","sig***"
"91","Diptera.A - Bee.D",-0.432964684832256,-0.861413047431312,0.0276357664929903,0.95,"mode","hdi","Diptera.A","Bee.D","n.s."
"92","Diptera.B - Bee.D",-0.417029437996002,-1.01526027092313,0.0954997040975958,0.95,"mode","hdi","Diptera.B","Bee.D","n.s."
"93","Diptera.C - Bee.D",-0.394917124654194,-0.779683416602134,-0.0562587319942558,0.95,"mode","hdi","Diptera.C","Bee.D","sig***"
"94","Diptera.D - Bee.D",-0.0866616820729722,-0.18029380216282,0.00430063909171352,0.95,"mode","hdi","Diptera.D","Bee.D","n.s."
"95","Diptera.E - Bee.D",-0.395235172142971,-0.897871707749625,0.139463876951829,0.95,"mode","hdi","Diptera.E","Bee.D","n.s."
"96","Hymenoptera.A - Bee.D",-0.49001327583813,-0.880437355605977,0.0242073811597192,0.95,"mode","hdi","Hymenoptera.A","Bee.D","n.s."
"97","Hymenoptera.B - Bee.D",-0.329184179610907,-0.942685245147597,0.173778497885841,0.95,"mode","hdi","Hymenoptera.B","Bee.D","n.s."
"98","Hymenoptera.C - Bee.D",-0.431553732192072,-0.83866437034986,-0.111185684044894,0.95,"mode","hdi","Hymenoptera.C","Bee.D","sig***"
"99","Hymenoptera.D - Bee.D",-0.238683801172943,-0.402945856809472,-0.103899066618334,0.95,"mode","hdi","Hymenoptera.D","Bee.D","sig***"
"100","Hymenoptera.E - Bee.D",-0.6525304939387,-1.1688359624059,-0.0915222277624858,0.95,"mode","hdi","Hymenoptera.E","Bee.D","sig***"
"101","Lepidoptera.A - Bee.D",-0.58042570406233,-1.00063350339657,-0.102167348286519,0.95,"mode","hdi","Lepidoptera.A","Bee.D","sig***"
"102","Lepidoptera.B - Bee.D",-0.310281384734863,-0.901779718760175,0.235554215723614,0.95,"mode","hdi","Lepidoptera.B","Bee.D","n.s."
"103","Lepidoptera.C - Bee.D",-0.416704350204589,-0.795368905076024,-0.0677678161855539,0.95,"mode","hdi","Lepidoptera.C","Bee.D","sig***"
"104","Lepidoptera.D - Bee.D",-0.247952595562103,-0.355274653861194,-0.1451222469256,0.95,"mode","hdi","Lepidoptera.D","Bee.D","sig***"
"105","Lepidoptera.E - Bee.D",-0.530414292125948,-1.02755347125792,0.0228006089545665,0.95,"mode","hdi","Lepidoptera.E","Bee.D","n.s."
"106","Syrphidae.A - Bee.D",-0.504941663709976,-0.968395806895793,-0.0731892418817743,0.95,"mode","hdi","Syrphidae.A","Bee.D","sig***"
"107","Syrphidae.B - Bee.D",-0.161390313312033,-0.832547352808861,0.303919060888491,0.95,"mode","hdi","Syrphidae.B","Bee.D","n.s."
"108","Syrphidae.C - Bee.D",-0.253326221070926,-0.646515623587126,0.0794426356795135,0.95,"mode","hdi","Syrphidae.C","Bee.D","n.s."
"109","Syrphidae.D - Bee.D",0.0209984040204337,-0.0625713805238718,0.108512348166742,0.95,"mode","hdi","Syrphidae.D","Bee.D","n.s."
"110","Syrphidae.E - Bee.D",-0.0219541951637783,-0.557616301187905,0.529633109490158,0.95,"mode","hdi","Syrphidae.E","Bee.D","n.s."
"111","Coleoptera.A - Bee.E",0.108721696470803,-0.413534998762539,0.604660196030716,0.95,"mode","hdi","Coleoptera.A","Bee.E","n.s."
"112","Coleoptera.B - Bee.E",0.213185242684669,-0.261370948407554,0.870582015699274,0.95,"mode","hdi","Coleoptera.B","Bee.E","n.s."
"113","Coleoptera.C - Bee.E",0.30638389853695,-0.13010945145872,0.731934061111619,0.95,"mode","hdi","Coleoptera.C","Bee.E","n.s."
"114","Coleoptera.D - Bee.E",0.577048963885208,0.0223001337996456,1.10996745134679,0.95,"mode","hdi","Coleoptera.D","Bee.E","sig***"
"115","Coleoptera.E - Bee.E",-0.0591203152198861,-0.465563385905714,0.398623648182419,0.95,"mode","hdi","Coleoptera.E","Bee.E","n.s."
"116","Diptera.A - Bee.E",0.325489593111287,-0.209647952154466,0.801355194518128,0.95,"mode","hdi","Diptera.A","Bee.E","n.s."
"117","Diptera.B - Bee.E",0.208180524908753,-0.298239894435655,0.820295771024978,0.95,"mode","hdi","Diptera.B","Bee.E","n.s."
"118","Diptera.C - Bee.E",0.281918914990919,-0.141810063831523,0.720962212657678,0.95,"mode","hdi","Diptera.C","Bee.E","n.s."
"119","Diptera.D - Bee.E",0.615420874788589,0.0919423209445197,1.14380438365173,0.95,"mode","hdi","Diptera.D","Bee.E","sig***"
"120","Diptera.E - Bee.E",0.291814521098572,0.14234901905434,0.434108382315856,0.95,"mode","hdi","Diptera.E","Bee.E","sig***"
"121","Hymenoptera.A - Bee.E",0.283959669642015,-0.256109012113839,0.752910149885711,0.95,"mode","hdi","Hymenoptera.A","Bee.E","n.s."
"122","Hymenoptera.B - Bee.E",0.428905754212184,-0.221128778612951,0.911729372605095,0.95,"mode","hdi","Hymenoptera.B","Bee.E","n.s."
"123","Hymenoptera.C - Bee.E",0.255966238727969,-0.183617171546438,0.684259736050468,0.95,"mode","hdi","Hymenoptera.C","Bee.E","n.s."
"124","Hymenoptera.D - Bee.E",0.509632147357196,-0.0765961277062384,1.02098683113125,0.95,"mode","hdi","Hymenoptera.D","Bee.E","n.s."
"125","Hymenoptera.E - Bee.E",0.0934334193081175,-0.118891740563987,0.273370828404545,0.95,"mode","hdi","Hymenoptera.E","Bee.E","n.s."
"126","Lepidoptera.A - Bee.E",0.161252743665946,-0.375165373802244,0.626999193964132,0.95,"mode","hdi","Lepidoptera.A","Bee.E","n.s."
"127","Lepidoptera.B - Bee.E",0.367907181595152,-0.185357013946017,0.966676395043024,0.95,"mode","hdi","Lepidoptera.B","Bee.E","n.s."
"128","Lepidoptera.C - Bee.E",0.267760970987587,-0.176329347931581,0.677670686291078,0.95,"mode","hdi","Lepidoptera.C","Bee.E","n.s."
"129","Lepidoptera.D - Bee.E",0.456339774769258,-0.0726782448901702,0.991678900290506,0.95,"mode","hdi","Lepidoptera.D","Bee.E","n.s."
"130","Lepidoptera.E - Bee.E",0.187533119778716,0.0289833388071283,0.3551110471879,0.95,"mode","hdi","Lepidoptera.E","Bee.E","sig***"
"131","Syrphidae.A - Bee.E",0.219080851202214,-0.282223991786996,0.736104236411775,0.95,"mode","hdi","Syrphidae.A","Bee.E","n.s."
"132","Syrphidae.B - Bee.E",0.447057751175187,-0.114091823781604,1.04629397010066,0.95,"mode","hdi","Syrphidae.B","Bee.E","n.s."
"133","Syrphidae.C - Bee.E",0.424517386652036,-0.00373604443848374,0.856896000859382,0.95,"mode","hdi","Syrphidae.C","Bee.E","n.s."
"134","Syrphidae.D - Bee.E",0.688641260545124,0.197813950580098,1.25488173372071,0.95,"mode","hdi","Syrphidae.D","Bee.E","sig***"
"135","Syrphidae.E - Bee.E",0.67901854838046,0.45205821602862,0.925886216991984,0.95,"mode","hdi","Syrphidae.E","Bee.E","sig***"
"136","Coleoptera.B - Coleoptera.A",0.203633207920615,-0.409553492315982,0.695985249666999,0.95,"mode","hdi","Coleoptera.B","Coleoptera.A","n.s."
"137","Coleoptera.C - Coleoptera.A",0.226548393051036,-0.18035122564405,0.532820976650922,0.95,"mode","hdi","Coleoptera.C","Coleoptera.A","n.s."
"138","Coleoptera.D - Coleoptera.A",0.438338538789854,0.00154867099888201,0.934031254209288,0.95,"mode","hdi","Coleoptera.D","Coleoptera.A","sig***"
"139","Coleoptera.E - Coleoptera.A",-0.232995436735895,-0.79095109308204,0.468988849625443,0.95,"mode","hdi","Coleoptera.E","Coleoptera.A","n.s."
"140","Diptera.A - Coleoptera.A",0.156722696325697,0.0745318772041308,0.247243308641706,0.95,"mode","hdi","Diptera.A","Coleoptera.A","sig***"
"141","Diptera.B - Coleoptera.A",0.146748815268191,-0.396487581535136,0.707821683105789,0.95,"mode","hdi","Diptera.B","Coleoptera.A","n.s."
"142","Diptera.C - Coleoptera.A",0.171396330943247,-0.20831874549183,0.503011586430664,0.95,"mode","hdi","Diptera.C","Coleoptera.A","n.s."
"143","Diptera.D - Coleoptera.A",0.499077081922112,0.035764995874646,0.942128952487841,0.95,"mode","hdi","Diptera.D","Coleoptera.A","sig***"
"144","Diptera.E - Coleoptera.A",0.0885929432964452,-0.352109614965363,0.644977782390152,0.95,"mode","hdi","Diptera.E","Coleoptera.A","n.s."
"145","Hymenoptera.A - Coleoptera.A",0.121594959973523,0.019951516462194,0.22988539815926,0.95,"mode","hdi","Hymenoptera.A","Coleoptera.A","sig***"
"146","Hymenoptera.B - Coleoptera.A",0.201074603338938,-0.305671064713197,0.806361278585948,0.95,"mode","hdi","Hymenoptera.B","Coleoptera.A","n.s."
"147","Hymenoptera.C - Coleoptera.A",0.13580567960586,-0.263910329086822,0.455550578402322,0.95,"mode","hdi","Hymenoptera.C","Coleoptera.A","n.s."
"148","Hymenoptera.D - Coleoptera.A",0.291278454230506,-0.137728272307363,0.809956500742674,0.95,"mode","hdi","Hymenoptera.D","Coleoptera.A","n.s."
"149","Hymenoptera.E - Coleoptera.A",-0.0732957246497397,-0.544516180650343,0.491118373304071,0.95,"mode","hdi","Hymenoptera.E","Coleoptera.A","n.s."
"150","Lepidoptera.A - Coleoptera.A",0.0123757218214384,-0.0905696565401541,0.115450959812119,0.95,"mode","hdi","Lepidoptera.A","Coleoptera.A","n.s."
"151","Lepidoptera.B - Coleoptera.A",0.298353317493281,-0.33035419855461,0.793558481115094,0.95,"mode","hdi","Lepidoptera.B","Coleoptera.A","n.s."
"152","Lepidoptera.C - Coleoptera.A",0.125624008840823,-0.236177523008173,0.476864249337619,0.95,"mode","hdi","Lepidoptera.C","Coleoptera.A","n.s."
"153","Lepidoptera.D - Coleoptera.A",0.318525944814785,-0.122951627248749,0.78826224976764,0.95,"mode","hdi","Lepidoptera.D","Coleoptera.A","n.s."
"154","Lepidoptera.E - Coleoptera.A",0.0366739511307468,-0.472361669071359,0.532843827403554,0.95,"mode","hdi","Lepidoptera.E","Coleoptera.A","n.s."
"155","Syrphidae.A - Coleoptera.A",0.0589461976453185,-0.0446216537181882,0.160081361551553,0.95,"mode","hdi","Syrphidae.A","Coleoptera.A","n.s."
"156","Syrphidae.B - Coleoptera.A",0.34813478771709,-0.25493512295523,0.869353432481813,0.95,"mode","hdi","Syrphidae.B","Coleoptera.A","n.s."
"157","Syrphidae.C - Coleoptera.A",0.323368513458408,-0.0747954035342774,0.64158524162745,0.95,"mode","hdi","Syrphidae.C","Coleoptera.A","n.s."
"158","Syrphidae.D - Coleoptera.A",0.611395159958153,0.128780044328856,1.03824766627593,0.95,"mode","hdi","Syrphidae.D","Coleoptera.A","sig***"
"159","Syrphidae.E - Coleoptera.A",0.552384893962736,0.0146928628574244,1.07884360633364,0.95,"mode","hdi","Syrphidae.E","Coleoptera.A","sig***"
"160","Coleoptera.C - Coleoptera.B",-0.0211870977344424,-0.451053302818056,0.524725686632576,0.95,"mode","hdi","Coleoptera.C","Coleoptera.B","n.s."
"161","Coleoptera.D - Coleoptera.B",0.228830154351259,-0.304545517247703,0.841004351920546,0.95,"mode","hdi","Coleoptera.D","Coleoptera.B","n.s."
"162","Coleoptera.E - Coleoptera.B",-0.391272133343803,-0.999600639601897,0.327226794923128,0.95,"mode","hdi","Coleoptera.E","Coleoptera.B","n.s."
"163","Diptera.A - Coleoptera.B",-0.0459193381760099,-0.527084205166827,0.588032617778855,0.95,"mode","hdi","Diptera.A","Coleoptera.B","n.s."
"164","Diptera.B - Coleoptera.B",-0.0312545417714233,-0.143416223603069,0.0829464615682185,0.95,"mode","hdi","Diptera.B","Coleoptera.B","n.s."
"165","Diptera.C - Coleoptera.B",-0.0529110074408623,-0.476006493470684,0.502454397057538,0.95,"mode","hdi","Diptera.C","Coleoptera.B","n.s."
"166","Diptera.D - Coleoptera.B",0.287564493088748,-0.23394854494957,0.904059237710672,0.95,"mode","hdi","Diptera.D","Coleoptera.B","n.s."
"167","Diptera.E - Coleoptera.B",0.0430010503042344,-0.575461461781739,0.531395190056055,0.95,"mode","hdi","Diptera.E","Coleoptera.B","n.s."
"168","Hymenoptera.A - Coleoptera.B",-0.039127146544385,-0.593406062693218,0.518644823471381,0.95,"mode","hdi","Hymenoptera.A","Coleoptera.B","n.s."
"169","Hymenoptera.B - Coleoptera.B",0.0400033335552475,-0.0750949494150739,0.176942866353924,0.95,"mode","hdi","Hymenoptera.B","Coleoptera.B","n.s."
"170","Hymenoptera.C - Coleoptera.B",-0.0925110469536645,-0.537141874360391,0.444199353692699,0.95,"mode","hdi","Hymenoptera.C","Coleoptera.B","n.s."
"171","Hymenoptera.D - Coleoptera.B",0.137821494550315,-0.411803502885441,0.746681755049763,0.95,"mode","hdi","Hymenoptera.D","Coleoptera.B","n.s."
"172","Hymenoptera.E - Coleoptera.B",-0.189212952691851,-0.781235108014779,0.370196949001249,0.95,"mode","hdi","Hymenoptera.E","Coleoptera.B","n.s."
"173","Lepidoptera.A - Coleoptera.B",-0.152247952885229,-0.664627831923857,0.454675882971975,0.95,"mode","hdi","Lepidoptera.A","Coleoptera.B","n.s."
"174","Lepidoptera.B - Coleoptera.B",0.0804093530128194,-0.054794581116242,0.234360650699133,0.95,"mode","hdi","Lepidoptera.B","Coleoptera.B","n.s."
"175","Lepidoptera.C - Coleoptera.B",-0.0556876985119928,-0.528806130560308,0.452823298897109,0.95,"mode","hdi","Lepidoptera.C","Coleoptera.B","n.s."
"176","Lepidoptera.D - Coleoptera.B",0.139479357121855,-0.403144229392783,0.728944156782646,0.95,"mode","hdi","Lepidoptera.D","Coleoptera.B","n.s."
"177","Lepidoptera.E - Coleoptera.B",-0.0974124397933804,-0.67296738606265,0.440781827717381,0.95,"mode","hdi","Lepidoptera.E","Coleoptera.B","n.s."
"178","Syrphidae.A - Coleoptera.B",-0.123253230719872,-0.632317941256064,0.487437540768203,0.95,"mode","hdi","Syrphidae.A","Coleoptera.B","n.s."
"179","Syrphidae.B - Coleoptera.B",0.177065472731799,-0.00915909882478405,0.342981188785136,0.95,"mode","hdi","Syrphidae.B","Coleoptera.B","n.s."
"180","Syrphidae.C - Coleoptera.B",0.0849216761237066,-0.343046454549375,0.641402908360724,0.95,"mode","hdi","Syrphidae.C","Coleoptera.B","n.s."
"181","Syrphidae.D - Coleoptera.B",0.395281655131772,-0.171125416248588,0.965337360305355,0.95,"mode","hdi","Syrphidae.D","Coleoptera.B","n.s."
"182","Syrphidae.E - Coleoptera.B",0.425413832767276,-0.204838407196773,0.950008596164103,0.95,"mode","hdi","Syrphidae.E","Coleoptera.B","n.s."
"183","Coleoptera.D - Coleoptera.C",0.251383648135837,-0.126484625415097,0.632733945677307,0.95,"mode","hdi","Coleoptera.D","Coleoptera.C","n.s."
"184","Coleoptera.E - Coleoptera.C",-0.360425727419103,-0.930278625895658,0.241892591023178,0.95,"mode","hdi","Coleoptera.E","Coleoptera.C","n.s."
"185","Diptera.A - Coleoptera.C",-0.0137420265739847,-0.361317909087105,0.347707495576523,0.95,"mode","hdi","Diptera.A","Coleoptera.C","n.s."
"186","Diptera.B - Coleoptera.C",-0.00909189287165224,-0.519308307053297,0.444708642573649,0.95,"mode","hdi","Diptera.B","Coleoptera.C","n.s."
"187","Diptera.C - Coleoptera.C",-0.0255319909282529,-0.0692766166186272,0.0215001123311057,0.95,"mode","hdi","Diptera.C","Coleoptera.C","n.s."
"188","Diptera.D - Coleoptera.C",0.313182990625653,-0.0714711610091443,0.661956354598911,0.95,"mode","hdi","Diptera.D","Coleoptera.C","n.s."
"189","Diptera.E - Coleoptera.C",-0.0632612256809072,-0.438703323634248,0.415642997208205,0.95,"mode","hdi","Diptera.E","Coleoptera.C","n.s."
"190","Hymenoptera.A - Coleoptera.C",-0.0747437452024661,-0.3904297279622,0.327092085379388,0.95,"mode","hdi","Hymenoptera.A","Coleoptera.C","n.s."
"191","Hymenoptera.B - Coleoptera.C",0.0370572711792673,-0.436792061464306,0.540838244758584,0.95,"mode","hdi","Hymenoptera.B","Coleoptera.C","n.s."
"192","Hymenoptera.C - Coleoptera.C",-0.0690156873856947,-0.1177558710126,-0.0135586260752926,0.95,"mode","hdi","Hymenoptera.C","Coleoptera.C","sig***"
"193","Hymenoptera.D - Coleoptera.C",0.110509722458378,-0.246017780819782,0.522532902667187,0.95,"mode","hdi","Hymenoptera.D","Coleoptera.C","n.s."
"194","Hymenoptera.E - Coleoptera.C",-0.270852804237724,-0.654819045624665,0.236742444489022,0.95,"mode","hdi","Hymenoptera.E","Coleoptera.C","n.s."
"195","Lepidoptera.A - Coleoptera.C",-0.196831225748267,-0.518433508362552,0.193101951214543,0.95,"mode","hdi","Lepidoptera.A","Coleoptera.C","n.s."
"196","Lepidoptera.B - Coleoptera.C",0.0366878594132817,-0.397573107504734,0.580700304937001,0.95,"mode","hdi","Lepidoptera.B","Coleoptera.C","n.s."
"197","Lepidoptera.C - Coleoptera.C",-0.0481591289000513,-0.103015985009781,0.00751516165079902,0.95,"mode","hdi","Lepidoptera.C","Coleoptera.C","n.s."
"198","Lepidoptera.D - Coleoptera.C",0.137336785294878,-0.206723873439948,0.517606120824665,0.95,"mode","hdi","Lepidoptera.D","Coleoptera.C","n.s."
"199","Lepidoptera.E - Coleoptera.C",-0.12795918607957,-0.548465463119088,0.322460639149888,0.95,"mode","hdi","Lepidoptera.E","Coleoptera.C","n.s."
"200","Syrphidae.A - Coleoptera.C",-0.117854276178554,-0.457349858111033,0.250793872211537,0.95,"mode","hdi","Syrphidae.A","Coleoptera.C","n.s."
"201","Syrphidae.B - Coleoptera.C",0.150501538311215,-0.342700381457974,0.654286454777649,0.95,"mode","hdi","Syrphidae.B","Coleoptera.C","n.s."
"202","Syrphidae.C - Coleoptera.C",0.115963875651909,0.068913656779505,0.163391530267098,0.95,"mode","hdi","Syrphidae.C","Coleoptera.C","sig***"
"203","Syrphidae.D - Coleoptera.C",0.388603257910609,0.0573440039260341,0.782421263985543,0.95,"mode","hdi","Syrphidae.D","Coleoptera.C","sig***"
"204","Syrphidae.E - Coleoptera.C",0.328738501338906,-0.0630238704792858,0.850879814494545,0.95,"mode","hdi","Syrphidae.E","Coleoptera.C","n.s."
"205","Coleoptera.E - Coleoptera.D",-0.636451650474221,-1.27283015608022,0.0405466681316324,0.95,"mode","hdi","Coleoptera.E","Coleoptera.D","n.s."
"206","Diptera.A - Coleoptera.D",-0.314005367802202,-0.747818924037639,0.179011776833948,0.95,"mode","hdi","Diptera.A","Coleoptera.D","n.s."
"207","Diptera.B - Coleoptera.D",-0.324169003767442,-0.895382005609016,0.242117421943089,0.95,"mode","hdi","Diptera.B","Coleoptera.D","n.s."
"208","Diptera.C - Coleoptera.D",-0.284753430151374,-0.663630931498462,0.0965633495947112,0.95,"mode","hdi","Diptera.C","Coleoptera.D","n.s."
"209","Diptera.D - Coleoptera.D",0.0426790854486241,-0.0979959185051192,0.181372293473111,0.95,"mode","hdi","Diptera.D","Coleoptera.D","n.s."
"210","Diptera.E - Coleoptera.D",-0.321831053849589,-0.819258373263712,0.251664465696267,0.95,"mode","hdi","Diptera.E","Coleoptera.D","n.s."
"211","Hymenoptera.A - Coleoptera.D",-0.319259536834316,-0.749301826974321,0.181562270320292,0.95,"mode","hdi","Hymenoptera.A","Coleoptera.D","n.s."
"212","Hymenoptera.B - Coleoptera.D",-0.207693669099854,-0.795672799991281,0.348933184337109,0.95,"mode","hdi","Hymenoptera.B","Coleoptera.D","n.s."
"213","Hymenoptera.C - Coleoptera.D",-0.322970469001465,-0.700753815680756,0.0643332405561414,0.95,"mode","hdi","Hymenoptera.C","Coleoptera.D","n.s."
"214","Hymenoptera.D - Coleoptera.D",-0.129094558795425,-0.30802584547345,0.0486746142547767,0.95,"mode","hdi","Hymenoptera.D","Coleoptera.D","n.s."
"215","Hymenoptera.E - Coleoptera.D",-0.516221405522999,-1.05336372208647,0.0564317595831769,0.95,"mode","hdi","Hymenoptera.E","Coleoptera.D","n.s."
"216","Lepidoptera.A - Coleoptera.D",-0.440625618426075,-0.904782604260799,0.0255083707934308,0.95,"mode","hdi","Lepidoptera.A","Coleoptera.D","n.s."
"217","Lepidoptera.B - Coleoptera.D",-0.205789443676269,-0.779835009884302,0.383474505797726,0.95,"mode","hdi","Lepidoptera.B","Coleoptera.D","n.s."
"218","Lepidoptera.C - Coleoptera.D",-0.319487122963842,-0.678405935044753,0.0879327339655485,0.95,"mode","hdi","Lepidoptera.C","Coleoptera.D","n.s."
"219","Lepidoptera.D - Coleoptera.D",-0.113685849501326,-0.260536773726133,0.0264460612236148,0.95,"mode","hdi","Lepidoptera.D","Coleoptera.D","n.s."
"220","Lepidoptera.E - Coleoptera.D",-0.376279869031168,-0.931618401902141,0.155286512080637,0.95,"mode","hdi","Lepidoptera.E","Coleoptera.D","n.s."
"221","Syrphidae.A - Coleoptera.D",-0.434695346699269,-0.839932102587964,0.0958629826439421,0.95,"mode","hdi","Syrphidae.A","Coleoptera.D","n.s."
"222","Syrphidae.B - Coleoptera.D",-0.08373578057898,-0.675684840075523,0.491141963178702,0.95,"mode","hdi","Syrphidae.B","Coleoptera.D","n.s."
"223","Syrphidae.C - Coleoptera.D",-0.125117891664598,-0.532018670541063,0.231865229674605,0.95,"mode","hdi","Syrphidae.C","Coleoptera.D","n.s."
"224","Syrphidae.D - Coleoptera.D",0.157143666764453,0.0149731250779339,0.281118540654648,0.95,"mode","hdi","Syrphidae.D","Coleoptera.D","sig***"
"225","Syrphidae.E - Coleoptera.D",0.112810055200869,-0.460786776168532,0.674788987322518,0.95,"mode","hdi","Syrphidae.E","Coleoptera.D","n.s."
"226","Diptera.A - Coleoptera.E",0.379012292674948,-0.256046901535818,0.988450249161433,0.95,"mode","hdi","Diptera.A","Coleoptera.E","n.s."
"227","Diptera.B - Coleoptera.E",0.31550192662713,-0.326223653687123,1.00160800725303,0.95,"mode","hdi","Diptera.B","Coleoptera.E","n.s."
"228","Diptera.C - Coleoptera.E",0.320839830079299,-0.269968665495229,0.904418961385293,0.95,"mode","hdi","Diptera.C","Coleoptera.E","n.s."
"229","Diptera.D - Coleoptera.E",0.660684719931416,-0.0223988712106539,1.27737368576507,0.95,"mode","hdi","Diptera.D","Coleoptera.E","n.s."
"230","Diptera.E - Coleoptera.E",0.369330001317477,-0.0859406669515128,0.744750298195117,0.95,"mode","hdi","Diptera.E","Coleoptera.E","n.s."
"231","Hymenoptera.A - Coleoptera.E",0.272626755300716,-0.319897688249789,0.934091191333139,0.95,"mode","hdi","Hymenoptera.A","Coleoptera.E","n.s."
"232","Hymenoptera.B - Coleoptera.E",0.444463365396642,-0.291809863079245,1.04457939048863,0.95,"mode","hdi","Hymenoptera.B","Coleoptera.E","n.s."
"233","Hymenoptera.C - Coleoptera.E",0.283590984109757,-0.344898239861242,0.828934771317775,0.95,"mode","hdi","Hymenoptera.C","Coleoptera.E","n.s."
"234","Hymenoptera.D - Coleoptera.E",0.506521061001562,-0.26163348606837,1.08025732634193,0.95,"mode","hdi","Hymenoptera.D","Coleoptera.E","n.s."
"235","Hymenoptera.E - Coleoptera.E",0.152213734030511,-0.317050872864545,0.547952566740165,0.95,"mode","hdi","Hymenoptera.E","Coleoptera.E","n.s."
"236","Lepidoptera.A - Coleoptera.E",0.217339522305217,-0.461314350109221,0.791419123328984,0.95,"mode","hdi","Lepidoptera.A","Coleoptera.E","n.s."
"237","Lepidoptera.B - Coleoptera.E",0.477883370901016,-0.232811393899083,1.11895181030714,0.95,"mode","hdi","Lepidoptera.B","Coleoptera.E","n.s."
"238","Lepidoptera.C - Coleoptera.E",0.325606321831654,-0.283512941673199,0.889921741196235,0.95,"mode","hdi","Lepidoptera.C","Coleoptera.E","n.s."
"239","Lepidoptera.D - Coleoptera.E",0.501984557055598,-0.189821739953265,1.12654504684969,0.95,"mode","hdi","Lepidoptera.D","Coleoptera.E","n.s."
"240","Lepidoptera.E - Coleoptera.E",0.231931146789911,-0.197830248966714,0.657508375664874,0.95,"mode","hdi","Lepidoptera.E","Coleoptera.E","n.s."
"241","Syrphidae.A - Coleoptera.E",0.259457445205991,-0.374992918654937,0.874557075385596,0.95,"mode","hdi","Syrphidae.A","Coleoptera.E","n.s."
"242","Syrphidae.B - Coleoptera.E",0.527919790114417,-0.184615537132789,1.15881860207962,0.95,"mode","hdi","Syrphidae.B","Coleoptera.E","n.s."
"243","Syrphidae.C - Coleoptera.E",0.462507856067245,-0.108479189614014,1.0724945364521,0.95,"mode","hdi","Syrphidae.C","Coleoptera.E","n.s."
"244","Syrphidae.D - Coleoptera.E",0.789258247885402,0.0638226353199909,1.36753039865398,0.95,"mode","hdi","Syrphidae.D","Coleoptera.E","sig***"
"245","Syrphidae.E - Coleoptera.E",0.731580300262973,0.287774600366017,1.20424265404319,0.95,"mode","hdi","Syrphidae.E","Coleoptera.E","sig***"
"246","Diptera.B - Diptera.A",-0.00177774100691386,-0.619920883501757,0.477539826208922,0.95,"mode","hdi","Diptera.B","Diptera.A","n.s."
"247","Diptera.C - Diptera.A",-0.0147573562057557,-0.361454008632972,0.343238028948784,0.95,"mode","hdi","Diptera.C","Diptera.A","n.s."
"248","Diptera.D - Diptera.A",0.299962605463949,-0.128989759203386,0.77331172767331,0.95,"mode","hdi","Diptera.D","Diptera.A","n.s."
"249","Diptera.E - Diptera.A",-0.0219318549619187,-0.494599844083141,0.48737937669095,0.95,"mode","hdi","Diptera.E","Diptera.A","n.s."
"250","Hymenoptera.A - Diptera.A",-0.0312721474627647,-0.117603257909545,0.0540609984140483,0.95,"mode","hdi","Hymenoptera.A","Diptera.A","n.s."
"251","Hymenoptera.B - Diptera.A",0.0640467963875553,-0.532736150379765,0.580433350617206,0.95,"mode","hdi","Hymenoptera.B","Diptera.A","n.s."
"252","Hymenoptera.C - Diptera.A",-0.0647641598981262,-0.399249862896842,0.312491288727479,0.95,"mode","hdi","Hymenoptera.C","Diptera.A","n.s."
"253","Hymenoptera.D - Diptera.A",0.138021316882156,-0.291970592585406,0.64282629908935,0.95,"mode","hdi","Hymenoptera.D","Diptera.A","n.s."
"254","Hymenoptera.E - Diptera.A",-0.229437802028273,-0.714686820166863,0.306820677640149,0.95,"mode","hdi","Hymenoptera.E","Diptera.A","n.s."
"255","Lepidoptera.A - Diptera.A",-0.137534676832009,-0.23026166730081,-0.0649196504200935,0.95,"mode","hdi","Lepidoptera.A","Diptera.A","sig***"
"256","Lepidoptera.B - Diptera.A",0.0902130833226988,-0.495750893895916,0.611915249026461,0.95,"mode","hdi","Lepidoptera.B","Diptera.A","n.s."
"257","Lepidoptera.C - Diptera.A",-0.0555010024032903,-0.397664190352809,0.314957424170378,0.95,"mode","hdi","Lepidoptera.C","Diptera.A","n.s."
"258","Lepidoptera.D - Diptera.A",0.203197034668065,-0.27720452758814,0.627640174821398,0.95,"mode","hdi","Lepidoptera.D","Diptera.A","n.s."
"259","Lepidoptera.E - Diptera.A",-0.134844479755627,-0.645622664459255,0.352594711412347,0.95,"mode","hdi","Lepidoptera.E","Diptera.A","n.s."
"260","Syrphidae.A - Diptera.A",-0.0939856970161539,-0.176728833697081,-0.0185471250371058,0.95,"mode","hdi","Syrphidae.A","Diptera.A","sig***"
"261","Syrphidae.B - Diptera.A",0.173657471393877,-0.353676392756553,0.765098999341429,0.95,"mode","hdi","Syrphidae.B","Diptera.A","n.s."
"262","Syrphidae.C - Diptera.A",0.105468594068522,-0.213353294904998,0.494342300836296,0.95,"mode","hdi","Syrphidae.C","Diptera.A","n.s."
"263","Syrphidae.D - Diptera.A",0.457544963529972,-0.0109015786352132,0.889492306881788,0.95,"mode","hdi","Syrphidae.D","Diptera.A","n.s."
"264","Syrphidae.E - Diptera.A",0.375252688449983,-0.142168379018239,0.92116245122429,0.95,"mode","hdi","Syrphidae.E","Diptera.A","n.s."
"265","Diptera.C - Diptera.B",-0.0117521905454312,-0.443607841232913,0.515109208451647,0.95,"mode","hdi","Diptera.C","Diptera.B","n.s."
"266","Diptera.D - Diptera.B",0.316990783080561,-0.196621993676706,0.91307807784129,0.95,"mode","hdi","Diptera.D","Diptera.B","n.s."
"267","Diptera.E - Diptera.B",-0.00354919311092883,-0.497667241735196,0.601224731360739,0.95,"mode","hdi","Diptera.E","Diptera.B","n.s."
"268","Hymenoptera.A - Diptera.B",-0.0110123926644148,-0.534700620445023,0.569468161319769,0.95,"mode","hdi","Hymenoptera.A","Diptera.B","n.s."
"269","Hymenoptera.B - Diptera.B",0.0840066644584131,-0.0248870896497057,0.180518258302891,0.95,"mode","hdi","Hymenoptera.B","Diptera.B","n.s."
"270","Hymenoptera.C - Diptera.B",0.0205614473573603,-0.503410416818362,0.463015301885624,0.95,"mode","hdi","Hymenoptera.C","Diptera.B","n.s."
"271","Hymenoptera.D - Diptera.B",0.174695590356681,-0.387163884702484,0.745312792884001,0.95,"mode","hdi","Hymenoptera.D","Diptera.B","n.s."
"272","Hymenoptera.E - Diptera.B",-0.195270198073341,-0.736023129070846,0.405315195551629,0.95,"mode","hdi","Hymenoptera.E","Diptera.B","n.s."
"273","Lepidoptera.A - Diptera.B",-0.109594569064886,-0.673344746929552,0.427330867659745,0.95,"mode","hdi","Lepidoptera.A","Diptera.B","n.s."
"274","Lepidoptera.B - Diptera.B",0.124962936196543,-0.00513849928452881,0.253678549265944,0.95,"mode","hdi","Lepidoptera.B","Diptera.B","n.s."
"275","Lepidoptera.C - Diptera.B",-0.0364354258281447,-0.48214135642117,0.475813610399128,0.95,"mode","hdi","Lepidoptera.C","Diptera.B","n.s."
"276","Lepidoptera.D - Diptera.B",0.160420548111214,-0.33368609518914,0.786362908018147,0.95,"mode","hdi","Lepidoptera.D","Diptera.B","n.s."
"277","Lepidoptera.E - Diptera.B",-0.0904194866511845,-0.670432561427512,0.445313101707106,0.95,"mode","hdi","Lepidoptera.E","Diptera.B","n.s."
"278","Syrphidae.A - Diptera.B",-0.0818832755518402,-0.58861640180655,0.511827367840689,0.95,"mode","hdi","Syrphidae.A","Diptera.B","n.s."
"279","Syrphidae.B - Diptera.B",0.200531265342384,0.0491414760089997,0.366597687921721,0.95,"mode","hdi","Syrphidae.B","Diptera.B","sig***"
"280","Syrphidae.C - Diptera.B",0.165520989379481,-0.316026194228774,0.645020012054862,0.95,"mode","hdi","Syrphidae.C","Diptera.B","n.s."
"281","Syrphidae.D - Diptera.B",0.447058330091005,-0.0699745343567721,1.03880030159977,0.95,"mode","hdi","Syrphidae.D","Diptera.B","n.s."
"282","Syrphidae.E - Diptera.B",0.449663299367545,-0.140168265581412,1.00514519543254,0.95,"mode","hdi","Syrphidae.E","Diptera.B","n.s."
"283","Diptera.D - Diptera.C",0.347052877183069,-0.0446633408441452,0.683888373192479,0.95,"mode","hdi","Diptera.D","Diptera.C","n.s."
"284","Diptera.E - Diptera.C",-0.042607679222969,-0.403297827162696,0.44660359133409,0.95,"mode","hdi","Diptera.E","Diptera.C","n.s."
"285","Hymenoptera.A - Diptera.C",-0.0293173490594157,-0.398229161957283,0.323742012902609,0.95,"mode","hdi","Hymenoptera.A","Diptera.C","n.s."
"286","Hymenoptera.B - Diptera.C",0.0634646897994321,-0.421700021051411,0.555481534699896,0.95,"mode","hdi","Hymenoptera.B","Diptera.C","n.s."
"287","Hymenoptera.C - Diptera.C",-0.0460097325588612,-0.0910985080873776,0.0064257332659966,0.95,"mode","hdi","Hymenoptera.C","Diptera.C","n.s."
"288","Hymenoptera.D - Diptera.C",0.105497759179302,-0.200203771878147,0.568979627818534,0.95,"mode","hdi","Hymenoptera.D","Diptera.C","n.s."
"289","Hymenoptera.E - Diptera.C",-0.24031809767516,-0.639849749620212,0.244633789601287,0.95,"mode","hdi","Hymenoptera.E","Diptera.C","n.s."
"290","Lepidoptera.A - Diptera.C",-0.175206231031884,-0.500189303944154,0.216820478670519,0.95,"mode","hdi","Lepidoptera.A","Diptera.C","n.s."
"291","Lepidoptera.B - Diptera.C",0.0693880555164912,-0.373703928448814,0.602631417078075,0.95,"mode","hdi","Lepidoptera.B","Diptera.C","n.s."
"292","Lepidoptera.C - Diptera.C",-0.0133262360442594,-0.0688099156485988,0.0310809450852483,0.95,"mode","hdi","Lepidoptera.C","Diptera.C","n.s."
"293","Lepidoptera.D - Diptera.C",0.145951676660791,-0.177642779976461,0.548656145488882,0.95,"mode","hdi","Lepidoptera.D","Diptera.C","n.s."
"294","Lepidoptera.E - Diptera.C",-0.112287275421925,-0.514820627584892,0.34571005039538,0.95,"mode","hdi","Lepidoptera.E","Diptera.C","n.s."
"295","Syrphidae.A - Diptera.C",-0.0914322128807041,-0.438598396852432,0.273297190786984,0.95,"mode","hdi","Syrphidae.A","Diptera.C","n.s."
"296","Syrphidae.B - Diptera.C",0.151033904597874,-0.323219803928087,0.674937037614025,0.95,"mode","hdi","Syrphidae.B","Diptera.C","n.s."
"297","Syrphidae.C - Diptera.C",0.140188165435508,0.0956006042986548,0.18165029249652,0.95,"mode","hdi","Syrphidae.C","Diptera.C","sig***"
"298","Syrphidae.D - Diptera.C",0.419081575968726,0.0697750865429376,0.794481311460289,0.95,"mode","hdi","Syrphidae.D","Diptera.C","sig***"
"299","Syrphidae.E - Diptera.C",0.368629341608067,-0.0424241244673669,0.871804694647726,0.95,"mode","hdi","Syrphidae.E","Diptera.C","n.s."
"300","Diptera.E - Diptera.D",-0.352170879241762,-0.846410374766248,0.188669462823004,0.95,"mode","hdi","Diptera.E","Diptera.D","n.s."
"301","Hymenoptera.A - Diptera.D",-0.327878684877076,-0.81517682553141,0.103565407837704,0.95,"mode","hdi","Hymenoptera.A","Diptera.D","n.s."
"302","Hymenoptera.B - Diptera.D",-0.211262715429393,-0.809879827221882,0.30352708447381,0.95,"mode","hdi","Hymenoptera.B","Diptera.D","n.s."
"303","Hymenoptera.C - Diptera.D",-0.388837563295571,-0.733828915921097,0.000217045883368017,0.95,"mode","hdi","Hymenoptera.C","Diptera.D","n.s."
"304","Hymenoptera.D - Diptera.D",-0.159307199855201,-0.323379534375532,-0.00352393147281738,0.95,"mode","hdi","Hymenoptera.D","Diptera.D","sig***"
"305","Hymenoptera.E - Diptera.D",-0.593929274172996,-1.05667352639173,0.00702193239643178,0.95,"mode","hdi","Hymenoptera.E","Diptera.D","n.s."
"306","Lepidoptera.A - Diptera.D",-0.471442161024378,-0.925799329582076,-0.0147631963324354,0.95,"mode","hdi","Lepidoptera.A","Diptera.D","sig***"
"307","Lepidoptera.B - Diptera.D",-0.205301151892435,-0.824549159981996,0.325318986913156,0.95,"mode","hdi","Lepidoptera.B","Diptera.D","n.s."
"308","Lepidoptera.C - Diptera.D",-0.384610049183704,-0.709329529280669,0.0191698145105117,0.95,"mode","hdi","Lepidoptera.C","Diptera.D","n.s."
"309","Lepidoptera.D - Diptera.D",-0.153986148580302,-0.268066930505142,-0.0517110434009055,0.95,"mode","hdi","Lepidoptera.D","Diptera.D","sig***"
"310","Lepidoptera.E - Diptera.D",-0.435901040006459,-0.969122050418826,0.0911425328233827,0.95,"mode","hdi","Lepidoptera.E","Diptera.D","n.s."
"311","Syrphidae.A - Diptera.D",-0.402261135401008,-0.87316817553889,0.0375541291691752,0.95,"mode","hdi","Syrphidae.A","Diptera.D","n.s."
"312","Syrphidae.B - Diptera.D",-0.126003125205264,-0.704457945926577,0.431985152127575,0.95,"mode","hdi","Syrphidae.B","Diptera.D","n.s."
"313","Syrphidae.C - Diptera.D",-0.199310630668621,-0.544788338482124,0.18312061373526,0.95,"mode","hdi","Syrphidae.C","Diptera.D","n.s."
"314","Syrphidae.D - Diptera.D",0.11492465128988,0.0184818848412391,0.194995781575324,0.95,"mode","hdi","Syrphidae.D","Diptera.D","sig***"
"315","Syrphidae.E - Diptera.D",0.0684098704323766,-0.456420745412816,0.64053839449297,0.95,"mode","hdi","Syrphidae.E","Diptera.D","n.s."
"316","Hymenoptera.A - Diptera.E",0.0185234754693051,-0.525470783091794,0.45987952250464,0.95,"mode","hdi","Hymenoptera.A","Diptera.E","n.s."
"317","Hymenoptera.B - Diptera.E",0.093880435354702,-0.52402061490475,0.580062126167091,0.95,"mode","hdi","Hymenoptera.B","Diptera.E","n.s."
"318","Hymenoptera.C - Diptera.E",-0.00974073679639909,-0.495392797858785,0.356180523077091,0.95,"mode","hdi","Hymenoptera.C","Diptera.E","n.s."
"319","Hymenoptera.D - Diptera.E",0.197751513493457,-0.376477043917722,0.704968518236085,0.95,"mode","hdi","Hymenoptera.D","Diptera.E","n.s."
"320","Hymenoptera.E - Diptera.E",-0.226513095740917,-0.368732585893137,-0.0552636299737167,0.95,"mode","hdi","Hymenoptera.E","Diptera.E","sig***"
"321","Lepidoptera.A - Diptera.E",-0.0946567636554327,-0.6476035796343,0.338598158048403,0.95,"mode","hdi","Lepidoptera.A","Diptera.E","n.s."
"322","Lepidoptera.B - Diptera.E",0.0742645936980946,-0.465052221803546,0.650936779889877,0.95,"mode","hdi","Lepidoptera.B","Diptera.E","n.s."
"323","Lepidoptera.C - Diptera.E",0.0118896011777532,-0.454957799464629,0.385625184055719,0.95,"mode","hdi","Lepidoptera.C","Diptera.E","n.s."
"324","Lepidoptera.D - Diptera.E",0.136620912799857,-0.348374227009949,0.691813096074162,0.95,"mode","hdi","Lepidoptera.D","Diptera.E","n.s."
"325","Lepidoptera.E - Diptera.E",-0.113607260512798,-0.238349609416173,0.0295057573108585,0.95,"mode","hdi","Lepidoptera.E","Diptera.E","n.s."
"326","Syrphidae.A - Diptera.E",-0.054171276460903,-0.602428999569057,0.388675678966028,0.95,"mode","hdi","Syrphidae.A","Diptera.E","n.s."
"327","Syrphidae.B - Diptera.E",0.16047788709296,-0.343903386316597,0.788364834099519,0.95,"mode","hdi","Syrphidae.B","Diptera.E","n.s."
"328","Syrphidae.C - Diptera.E",0.180652540356212,-0.312840341444652,0.536428944944976,0.95,"mode","hdi","Syrphidae.C","Diptera.E","n.s."
"329","Syrphidae.D - Diptera.E",0.463724222982955,-0.0613101188426683,0.983048356179132,0.95,"mode","hdi","Syrphidae.D","Diptera.E","n.s."
"330","Syrphidae.E - Diptera.E",0.379888984881735,0.19048653945934,0.619023269168173,0.95,"mode","hdi","Syrphidae.E","Diptera.E","sig***"
"331","Hymenoptera.B - Hymenoptera.A",0.0961028968240326,-0.480513954886477,0.637214557098631,0.95,"mode","hdi","Hymenoptera.B","Hymenoptera.A","n.s."
"332","Hymenoptera.C - Hymenoptera.A",-0.0251514533434877,-0.379908204777354,0.340152030021378,0.95,"mode","hdi","Hymenoptera.C","Hymenoptera.A","n.s."
"333","Hymenoptera.D - Hymenoptera.A",0.138211306813178,-0.287165635135775,0.65448609519648,0.95,"mode","hdi","Hymenoptera.D","Hymenoptera.A","n.s."
"334","Hymenoptera.E - Hymenoptera.A",-0.232274562195528,-0.70038778437137,0.337551777774283,0.95,"mode","hdi","Hymenoptera.E","Hymenoptera.A","n.s."
"335","Lepidoptera.A - Hymenoptera.A",-0.117317205290561,-0.215041309858662,-0.0119326443758555,0.95,"mode","hdi","Lepidoptera.A","Hymenoptera.A","sig***"
"336","Lepidoptera.B - Hymenoptera.A",0.130221382347524,-0.446946513539327,0.683124666454281,0.95,"mode","hdi","Lepidoptera.B","Hymenoptera.A","n.s."
"337","Lepidoptera.C - Hymenoptera.A",-0.00652098934967094,-0.35701394483341,0.366662634123034,0.95,"mode","hdi","Lepidoptera.C","Hymenoptera.A","n.s."
"338","Lepidoptera.D - Hymenoptera.A",0.242645074265707,-0.27608737346065,0.643790961257592,0.95,"mode","hdi","Lepidoptera.D","Hymenoptera.A","n.s."
"339","Lepidoptera.E - Hymenoptera.A",-0.0985693684989659,-0.5780369232703,0.416530622328527,0.95,"mode","hdi","Lepidoptera.E","Hymenoptera.A","n.s."
"340","Syrphidae.A - Hymenoptera.A",-0.0657059282513167,-0.165792705310231,0.0332309865609706,0.95,"mode","hdi","Syrphidae.A","Hymenoptera.A","n.s."
"341","Syrphidae.B - Hymenoptera.A",0.209833889719935,-0.334559920032288,0.787044294760195,0.95,"mode","hdi","Syrphidae.B","Hymenoptera.A","n.s."
"342","Syrphidae.C - Hymenoptera.A",0.164450983010929,-0.192826959982861,0.524640495450253,0.95,"mode","hdi","Syrphidae.C","Hymenoptera.A","n.s."
"343","Syrphidae.D - Hymenoptera.A",0.502728873151328,0.0281365182850917,0.942408760934318,0.95,"mode","hdi","Syrphidae.D","Hymenoptera.A","sig***"
"344","Syrphidae.E - Hymenoptera.A",0.415220831583477,-0.0778672096261455,0.979495040667038,0.95,"mode","hdi","Syrphidae.E","Hymenoptera.A","n.s."
"345","Hymenoptera.C - Hymenoptera.B",-0.119887137006414,-0.574464595533665,0.409519372027813,0.95,"mode","hdi","Hymenoptera.C","Hymenoptera.B","n.s."
"346","Hymenoptera.D - Hymenoptera.B",0.0953164322623983,-0.44550560872335,0.692871940567645,0.95,"mode","hdi","Hymenoptera.D","Hymenoptera.B","n.s."
"347","Hymenoptera.E - Hymenoptera.B",-0.309691141638726,-0.805921746212199,0.337279721926329,0.95,"mode","hdi","Hymenoptera.E","Hymenoptera.B","n.s."
"348","Lepidoptera.A - Hymenoptera.B",-0.185679681648387,-0.781820542427619,0.331915580321723,0.95,"mode","hdi","Lepidoptera.A","Hymenoptera.B","n.s."
"349","Lepidoptera.B - Hymenoptera.B",0.042952175020165,-0.103644341196101,0.176991486388168,0.95,"mode","hdi","Lepidoptera.B","Hymenoptera.B","n.s."
"350","Lepidoptera.C - Hymenoptera.B",-0.0800906564375099,-0.589127545367062,0.381260333354153,0.95,"mode","hdi","Lepidoptera.C","Hymenoptera.B","n.s."
"351","Lepidoptera.D - Hymenoptera.B",0.0910040641274519,-0.43439531313806,0.685940076603175,0.95,"mode","hdi","Lepidoptera.D","Hymenoptera.B","n.s."
"352","Lepidoptera.E - Hymenoptera.B",-0.0873329279321455,-0.72446389365388,0.394865168893742,0.95,"mode","hdi","Lepidoptera.E","Hymenoptera.B","n.s."
"353","Syrphidae.A - Hymenoptera.B",-0.157980243529443,-0.68845189125372,0.420842006681952,0.95,"mode","hdi","Syrphidae.A","Hymenoptera.B","n.s."
"354","Syrphidae.B - Hymenoptera.B",0.112249777406104,-0.0503940060506527,0.286363529222517,0.95,"mode","hdi","Syrphidae.B","Hymenoptera.B","n.s."
"355","Syrphidae.C - Hymenoptera.B",0.0587008880274478,-0.412466694935833,0.561538891609464,0.95,"mode","hdi","Syrphidae.C","Hymenoptera.B","n.s."
"356","Syrphidae.D - Hymenoptera.B",0.346716053689705,-0.162602001290602,0.965545939018636,0.95,"mode","hdi","Syrphidae.D","Hymenoptera.B","n.s."
"357","Syrphidae.E - Hymenoptera.B",0.36308977723982,-0.243934125340052,0.906646608297423,0.95,"mode","hdi","Syrphidae.E","Hymenoptera.B","n.s."
"358","Hymenoptera.D - Hymenoptera.C",0.186224201083729,-0.165779832397251,0.601853154704548,0.95,"mode","hdi","Hymenoptera.D","Hymenoptera.C","n.s."
"359","Hymenoptera.E - Hymenoptera.C",-0.201315480495119,-0.602739334576865,0.283368861668231,0.95,"mode","hdi","Hymenoptera.E","Hymenoptera.C","n.s."
"360","Lepidoptera.A - Hymenoptera.C",-0.118745822355025,-0.456789947797545,0.25904867129445,0.95,"mode","hdi","Lepidoptera.A","Hymenoptera.C","n.s."
"361","Lepidoptera.B - Hymenoptera.C",0.104772424557426,-0.338609741391295,0.644520724296724,0.95,"mode","hdi","Lepidoptera.B","Hymenoptera.C","n.s."
"362","Lepidoptera.C - Hymenoptera.C",0.0206252679673138,-0.0364812204812931,0.0800040206872219,0.95,"mode","hdi","Lepidoptera.C","Hymenoptera.C","n.s."
"363","Lepidoptera.D - Hymenoptera.C",0.188803443162845,-0.160645082365453,0.566100155568973,0.95,"mode","hdi","Lepidoptera.D","Hymenoptera.C","n.s."
"364","Lepidoptera.E - Hymenoptera.C",-0.0641066361381393,-0.483884622703749,0.378153043096965,0.95,"mode","hdi","Lepidoptera.E","Hymenoptera.C","n.s."
"365","Syrphidae.A - Hymenoptera.C",-0.04563886274546,-0.418067697156482,0.296972611954717,0.95,"mode","hdi","Syrphidae.A","Hymenoptera.C","n.s."
"366","Syrphidae.B - Hymenoptera.C",0.175618219173611,-0.263471506961142,0.738752441938557,0.95,"mode","hdi","Syrphidae.B","Hymenoptera.C","n.s."
"367","Syrphidae.C - Hymenoptera.C",0.18003645102279,0.131664609185543,0.235260037386685,0.95,"mode","hdi","Syrphidae.C","Hymenoptera.C","sig***"
"368","Syrphidae.D - Hymenoptera.C",0.46069743613481,0.114189961431797,0.842447256355961,0.95,"mode","hdi","Syrphidae.D","Hymenoptera.C","sig***"
"369","Syrphidae.E - Hymenoptera.C",0.4906759243948,-0.00250462715852706,0.923097834152716,0.95,"mode","hdi","Syrphidae.E","Hymenoptera.C","n.s."
"370","Hymenoptera.E - Hymenoptera.D",-0.406742699569195,-0.912469218958085,0.195799251488022,0.95,"mode","hdi","Hymenoptera.E","Hymenoptera.D","n.s."
"371","Lepidoptera.A - Hymenoptera.D",-0.29211688689868,-0.792375713191002,0.150710429869167,0.95,"mode","hdi","Lepidoptera.A","Hymenoptera.D","n.s."
"372","Lepidoptera.B - Hymenoptera.D",-0.0698596115133736,-0.633136026941237,0.527871105239421,0.95,"mode","hdi","Lepidoptera.B","Hymenoptera.D","n.s."
"373","Lepidoptera.C - Hymenoptera.D",-0.166392812049372,-0.570218972536527,0.197411903055527,0.95,"mode","hdi","Lepidoptera.C","Hymenoptera.D","n.s."
"374","Lepidoptera.D - Hymenoptera.D",0.0284583371071854,-0.156391010059363,0.175885137463891,0.95,"mode","hdi","Lepidoptera.D","Hymenoptera.D","n.s."
"375","Lepidoptera.E - Hymenoptera.D",-0.304198229785801,-0.802102798280291,0.290106474661367,0.95,"mode","hdi","Lepidoptera.E","Hymenoptera.D","n.s."
"376","Syrphidae.A - Hymenoptera.D",-0.244987946729107,-0.727259489188983,0.21638912343906,0.95,"mode","hdi","Syrphidae.A","Hymenoptera.D","n.s."
"377","Syrphidae.B - Hymenoptera.D",0.0256230145106835,-0.543759004905961,0.615497125697093,0.95,"mode","hdi","Syrphidae.B","Hymenoptera.D","n.s."
"378","Syrphidae.C - Hymenoptera.D",-0.0143782853412783,-0.410728913651482,0.354019328047702,0.95,"mode","hdi","Syrphidae.C","Hymenoptera.D","n.s."
"379","Syrphidae.D - Hymenoptera.D",0.284436325132024,0.121832101387334,0.430842716166047,0.95,"mode","hdi","Syrphidae.D","Hymenoptera.D","sig***"
"380","Syrphidae.E - Hymenoptera.D",0.254219521932114,-0.319911233282843,0.808085762414127,0.95,"mode","hdi","Syrphidae.E","Hymenoptera.D","n.s."
"381","Lepidoptera.A - Hymenoptera.E",0.0493285707937854,-0.461123527281392,0.562967423503714,0.95,"mode","hdi","Lepidoptera.A","Hymenoptera.E","n.s."
"382","Lepidoptera.B - Hymenoptera.E",0.304166897052836,-0.260091854856628,0.891538059674004,0.95,"mode","hdi","Lepidoptera.B","Hymenoptera.E","n.s."
"383","Lepidoptera.C - Hymenoptera.E",0.197119410197756,-0.248928730007235,0.632634064997993,0.95,"mode","hdi","Lepidoptera.C","Hymenoptera.E","n.s."
"384","Lepidoptera.D - Hymenoptera.E",0.360746448789946,-0.149047981709209,0.9278594944632,0.95,"mode","hdi","Lepidoptera.D","Hymenoptera.E","n.s."
"385","Lepidoptera.E - Hymenoptera.E",0.111272840983971,-0.0954476656651994,0.281942174595413,0.95,"mode","hdi","Lepidoptera.E","Hymenoptera.E","n.s."
"386","Syrphidae.A - Hymenoptera.E",0.121763519978478,-0.375450509927201,0.64494131977975,0.95,"mode","hdi","Syrphidae.A","Hymenoptera.E","n.s."
"387","Syrphidae.B - Hymenoptera.E",0.40482095920002,-0.204025349068882,0.93790668601516,0.95,"mode","hdi","Syrphidae.B","Hymenoptera.E","n.s."
"388","Syrphidae.C - Hymenoptera.E",0.380010102081525,-0.116146851264282,0.773834927801056,0.95,"mode","hdi","Syrphidae.C","Hymenoptera.E","n.s."
"389","Syrphidae.D - Hymenoptera.E",0.632402738415464,0.104836815360898,1.17249168994395,0.95,"mode","hdi","Syrphidae.D","Hymenoptera.E","sig***"
"390","Syrphidae.E - Hymenoptera.E",0.628588098403673,0.332840157483269,0.850021579329204,0.95,"mode","hdi","Syrphidae.E","Hymenoptera.E","sig***"
"391","Lepidoptera.B - Lepidoptera.A",0.224822008804016,-0.341107821015183,0.773726193627088,0.95,"mode","hdi","Lepidoptera.B","Lepidoptera.A","n.s."
"392","Lepidoptera.C - Lepidoptera.A",0.128535654187923,-0.258604168628542,0.463489329680059,0.95,"mode","hdi","Lepidoptera.C","Lepidoptera.A","n.s."
"393","Lepidoptera.D - Lepidoptera.A",0.284933586109034,-0.143939458030742,0.768474075593499,0.95,"mode","hdi","Lepidoptera.D","Lepidoptera.A","n.s."
"394","Lepidoptera.E - Lepidoptera.A",0.0449241842018273,-0.443124062393033,0.552768788637302,0.95,"mode","hdi","Lepidoptera.E","Lepidoptera.A","n.s."
"395","Syrphidae.A - Lepidoptera.A",0.0499610910370385,-0.0490250344489995,0.147027031856868,0.95,"mode","hdi","Syrphidae.A","Lepidoptera.A","n.s."
"396","Syrphidae.B - Lepidoptera.A",0.301659313808589,-0.249878668941087,0.876852657972228,0.95,"mode","hdi","Syrphidae.B","Lepidoptera.A","n.s."
"397","Syrphidae.C - Lepidoptera.A",0.321513006670789,-0.0748005017348963,0.641548457540256,0.95,"mode","hdi","Syrphidae.C","Lepidoptera.A","n.s."
"398","Syrphidae.D - Lepidoptera.A",0.612161171859894,0.129518798056529,1.0260970991295,0.95,"mode","hdi","Syrphidae.D","Lepidoptera.A","sig***"
"399","Syrphidae.E - Lepidoptera.A",0.515662603727927,0.0132644028456687,1.08606030875713,0.95,"mode","hdi","Syrphidae.E","Lepidoptera.A","sig***"
"400","Lepidoptera.C - Lepidoptera.B",-0.0821944242808741,-0.61867328972482,0.361155205456721,0.95,"mode","hdi","Lepidoptera.C","Lepidoptera.B","n.s."
"401","Lepidoptera.D - Lepidoptera.B",0.0473639753245452,-0.518612484374672,0.630126808103079,0.95,"mode","hdi","Lepidoptera.D","Lepidoptera.B","n.s."
"402","Lepidoptera.E - Lepidoptera.B",-0.187288135921002,-0.770339776847565,0.355927304159626,0.95,"mode","hdi","Lepidoptera.E","Lepidoptera.B","n.s."
"403","Syrphidae.A - Lepidoptera.B",-0.215535431766123,-0.761230963386474,0.356781452971198,0.95,"mode","hdi","Syrphidae.A","Lepidoptera.B","n.s."
"404","Syrphidae.B - Lepidoptera.B",0.0836788589038706,-0.105787436494784,0.271769349537101,0.95,"mode","hdi","Syrphidae.B","Lepidoptera.B","n.s."
"405","Syrphidae.C - Lepidoptera.B",0.0730226239634657,-0.449383070534697,0.520086154535378,0.95,"mode","hdi","Syrphidae.C","Lepidoptera.B","n.s."
"406","Syrphidae.D - Lepidoptera.B",0.293426671372172,-0.209178541164838,0.938185393489073,0.95,"mode","hdi","Syrphidae.D","Lepidoptera.B","n.s."
"407","Syrphidae.E - Lepidoptera.B",0.314160162512599,-0.261355312057084,0.892874251154402,0.95,"mode","hdi","Syrphidae.E","Lepidoptera.B","n.s."
"408","Lepidoptera.D - Lepidoptera.C",0.16044547029825,-0.177020856674731,0.555614482482428,0.95,"mode","hdi","Lepidoptera.D","Lepidoptera.C","n.s."
"409","Lepidoptera.E - Lepidoptera.C",-0.0751782754905415,-0.522907337348644,0.332331272496271,0.95,"mode","hdi","Lepidoptera.E","Lepidoptera.C","n.s."
"410","Syrphidae.A - Lepidoptera.C",-0.0614628132699246,-0.423136899233085,0.28941905170704,0.95,"mode","hdi","Syrphidae.A","Lepidoptera.C","n.s."
"411","Syrphidae.B - Lepidoptera.C",0.175911144684119,-0.292122865754551,0.695459796968427,0.95,"mode","hdi","Syrphidae.B","Lepidoptera.C","n.s."
"412","Syrphidae.C - Lepidoptera.C",0.161710396791059,0.108483337910997,0.214334026851128,0.95,"mode","hdi","Syrphidae.C","Lepidoptera.C","sig***"
"413","Syrphidae.D - Lepidoptera.C",0.447725378211998,0.113636200950225,0.830235135951631,0.95,"mode","hdi","Syrphidae.D","Lepidoptera.C","sig***"
"414","Syrphidae.E - Lepidoptera.C",0.367016709645685,-0.013636385451401,0.898924974561509,0.95,"mode","hdi","Syrphidae.E","Lepidoptera.C","n.s."
"415","Lepidoptera.E - Lepidoptera.D",-0.250568635148262,-0.797506147141476,0.266371122423571,0.95,"mode","hdi","Lepidoptera.E","Lepidoptera.D","n.s."
"416","Syrphidae.A - Lepidoptera.D",-0.310518640264617,-0.718644320540282,0.195538147948198,0.95,"mode","hdi","Syrphidae.A","Lepidoptera.D","n.s."
"417","Syrphidae.B - Lepidoptera.D",0.00871601454221582,-0.58163974004867,0.56099737609586,0.95,"mode","hdi","Syrphidae.B","Lepidoptera.D","n.s."
"418","Syrphidae.C - Lepidoptera.D",-0.0170471755395097,-0.407760050619403,0.32135056148913,0.95,"mode","hdi","Syrphidae.C","Lepidoptera.D","n.s."
"419","Syrphidae.D - Lepidoptera.D",0.251667253813839,0.168644973035484,0.377166121187886,0.95,"mode","hdi","Syrphidae.D","Lepidoptera.D","sig***"
"420","Syrphidae.E - Lepidoptera.D",0.228029813598183,-0.340768936740155,0.76549678166866,0.95,"mode","hdi","Syrphidae.E","Lepidoptera.D","n.s."
"421","Syrphidae.A - Lepidoptera.E",0.0173603985366421,-0.458726952781952,0.547985698253114,0.95,"mode","hdi","Syrphidae.A","Lepidoptera.E","n.s."
"422","Syrphidae.B - Lepidoptera.E",0.293123495499574,-0.31699663834064,0.830824429966114,0.95,"mode","hdi","Syrphidae.B","Lepidoptera.E","n.s."
"423","Syrphidae.C - Lepidoptera.E",0.259497814582762,-0.197731100866706,0.665223906092931,0.95,"mode","hdi","Syrphidae.C","Lepidoptera.E","n.s."
"424","Syrphidae.D - Lepidoptera.E",0.566916104752089,0.00976271640860649,1.07070640257608,0.95,"mode","hdi","Syrphidae.D","Lepidoptera.E","sig***"
"425","Syrphidae.E - Lepidoptera.E",0.492758692275421,0.258002094551724,0.727267798025549,0.95,"mode","hdi","Syrphidae.E","Lepidoptera.E","sig***"
"426","Syrphidae.B - Syrphidae.A",0.258370829367309,-0.291902074531687,0.836076171447062,0.95,"mode","hdi","Syrphidae.B","Syrphidae.A","n.s."
"427","Syrphidae.C - Syrphidae.A",0.218094035082762,-0.132895943226704,0.57575490774982,0.95,"mode","hdi","Syrphidae.C","Syrphidae.A","n.s."
"428","Syrphidae.D - Syrphidae.A",0.542303534895847,0.0941123061733171,1.00515017678074,0.95,"mode","hdi","Syrphidae.D","Syrphidae.A","sig***"
"429","Syrphidae.E - Syrphidae.A",0.470737331581981,-0.0520270098981536,1.01320659276656,0.95,"mode","hdi","Syrphidae.E","Syrphidae.A","n.s."
"430","Syrphidae.C - Syrphidae.B",-0.0211803886368407,-0.520948801006724,0.470252552025469,0.95,"mode","hdi","Syrphidae.C","Syrphidae.B","n.s."
"431","Syrphidae.D - Syrphidae.B",0.208459002078734,-0.279055191727962,0.864075045528994,0.95,"mode","hdi","Syrphidae.D","Syrphidae.B","n.s."
"432","Syrphidae.E - Syrphidae.B",0.265246410883157,-0.382177782692404,0.802712708487578,0.95,"mode","hdi","Syrphidae.E","Syrphidae.B","n.s."
"433","Syrphidae.D - Syrphidae.C",0.293997174562867,-0.0563310157337648,0.668680631673309,0.95,"mode","hdi","Syrphidae.D","Syrphidae.C","n.s."
"434","Syrphidae.E - Syrphidae.C",0.302694026220944,-0.196707733393125,0.716483765894699,0.95,"mode","hdi","Syrphidae.E","Syrphidae.C","n.s."
"435","Syrphidae.E - Syrphidae.D",-0.0505544873639034,-0.581961536071549,0.513032218323072,0.95,"mode","hdi","Syrphidae.E","Syrphidae.D","n.s."
