"","intera",".value",".lower",".upper",".width",".point",".interval","group1","group2"
"1","Bee.B - Bee.A",-1.0126704748818,-1.89740637226547,-0.106648836376801,0.95,"mode","hdi","Bee.B","Bee.A"
"2","Bee.C - Bee.A",-1.32616647881128,-1.97825221585574,-0.700553877427323,0.95,"mode","hdi","Bee.C","Bee.A"
"3","Bee.D - Bee.A",-0.975468775442262,-1.7468111428313,-0.312867537583247,0.95,"mode","hdi","Bee.D","Bee.A"
"4","Bee.E - Bee.A",-0.907693298594875,-1.68589749255283,0.0559479668643408,0.95,"mode","hdi","Bee.E","Bee.A"
"5","Coleoptera.A - Bee.A",-1.49833331588956,-1.76492949964239,-1.15952879144972,0.95,"mode","hdi","Coleoptera.A","Bee.A"
"6","Coleoptera.B - Bee.A",-1.8922571772594,-2.90821201384784,-0.973867586879035,0.95,"mode","hdi","Coleoptera.B","Bee.A"
"7","Coleoptera.C - Bee.A",-1.89795714576293,-2.52295307577657,-1.26107300519818,0.95,"mode","hdi","Coleoptera.C","Bee.A"
"8","Coleoptera.D - Bee.A",-1.96756661389642,-2.74459903923792,-1.15712429118769,0.95,"mode","hdi","Coleoptera.D","Bee.A"
"9","Coleoptera.E - Bee.A",-1.38403710890923,-2.70289220936586,0.452410016333753,0.95,"mode","hdi","Coleoptera.E","Bee.A"
"10","Diptera.A - Bee.A",-1.30848970479314,-1.54647915555821,-1.09189765059704,0.95,"mode","hdi","Diptera.A","Bee.A"
"11","Diptera.B - Bee.A",-1.91601088293688,-2.73591954277725,-0.91971725126702,0.95,"mode","hdi","Diptera.B","Bee.A"
"12","Diptera.C - Bee.A",-1.99536439287869,-2.59607321982355,-1.32384558813279,0.95,"mode","hdi","Diptera.C","Bee.A"
"13","Diptera.D - Bee.A",-1.72622264583227,-2.57275685104532,-1.15892696531187,0.95,"mode","hdi","Diptera.D","Bee.A"
"14","Diptera.E - Bee.A",-1.34778478966714,-2.10951754619416,-0.453169649499189,0.95,"mode","hdi","Diptera.E","Bee.A"
"15","Hymenoptera.A - Bee.A",-1.24117999911998,-1.51118466030218,-0.954619522132817,0.95,"mode","hdi","Hymenoptera.A","Bee.A"
"16","Hymenoptera.B - Bee.A",-1.14527880424896,-2.00854846584969,-0.153218067645489,0.95,"mode","hdi","Hymenoptera.B","Bee.A"
"17","Hymenoptera.C - Bee.A",-2.10128497177668,-2.69537198726262,-1.40431468229862,0.95,"mode","hdi","Hymenoptera.C","Bee.A"
"18","Hymenoptera.D - Bee.A",-2.31484598942997,-3.21751301415449,-1.54963821059054,0.95,"mode","hdi","Hymenoptera.D","Bee.A"
"19","Hymenoptera.E - Bee.A",-1.86894199950696,-2.71879048878456,-0.851819217349048,0.95,"mode","hdi","Hymenoptera.E","Bee.A"
"20","Lepidoptera.A - Bee.A",-1.7492861672275,-2.05404181569329,-1.46253835948744,0.95,"mode","hdi","Lepidoptera.A","Bee.A"
"21","Lepidoptera.B - Bee.A",-1.29743462633361,-2.18356899415335,-0.287365933755134,0.95,"mode","hdi","Lepidoptera.B","Bee.A"
"22","Lepidoptera.C - Bee.A",-2.15563952996602,-2.80261431396937,-1.51587614270301,0.95,"mode","hdi","Lepidoptera.C","Bee.A"
"23","Lepidoptera.D - Bee.A",-2.35630504034569,-2.99215474439209,-1.51980483519721,0.95,"mode","hdi","Lepidoptera.D","Bee.A"
"24","Lepidoptera.E - Bee.A",-1.36702083109913,-2.17369072893386,-0.360338592852055,0.95,"mode","hdi","Lepidoptera.E","Bee.A"
"25","Syrphidae.A - Bee.A",-1.41132152897705,-1.68513245372566,-1.10706212621795,0.95,"mode","hdi","Syrphidae.A","Bee.A"
"26","Syrphidae.B - Bee.A",-1.13357822606106,-2.07302169395564,-0.157797386651854,0.95,"mode","hdi","Syrphidae.B","Bee.A"
"27","Syrphidae.C - Bee.A",-1.38367072741564,-2.02505191343209,-0.734849029830974,0.95,"mode","hdi","Syrphidae.C","Bee.A"
"28","Syrphidae.D - Bee.A",-1.40761412768746,-2.20364404377438,-0.784491923830771,0.95,"mode","hdi","Syrphidae.D","Bee.A"
"29","Syrphidae.E - Bee.A",-0.390826101902249,-1.29774333967003,0.591806027398607,0.95,"mode","hdi","Syrphidae.E","Bee.A"
"30","Bee.C - Bee.B",-0.249685481466982,-1.08186186294487,0.513860858165907,0.95,"mode","hdi","Bee.C","Bee.B"
"31","Bee.D - Bee.B",0.0524852118020023,-0.881194035263592,0.805352188839579,0.95,"mode","hdi","Bee.D","Bee.B"
"32","Bee.E - Bee.B",0.0621808958229262,-0.659250927011398,0.870564342347732,0.95,"mode","hdi","Bee.E","Bee.B"
"33","Coleoptera.A - Bee.B",-0.423337653129455,-1.37749405532968,0.480179712645882,0.95,"mode","hdi","Coleoptera.A","Bee.B"
"34","Coleoptera.B - Bee.B",-0.947453623336604,-1.35692465538901,-0.505739064070825,0.95,"mode","hdi","Coleoptera.B","Bee.B"
"35","Coleoptera.C - Bee.B",-0.865788847406823,-1.68876950982659,-0.0726606441221413,0.95,"mode","hdi","Coleoptera.C","Bee.B"
"36","Coleoptera.D - Bee.B",-0.925642780511413,-1.95372200725129,-0.0817568951092102,0.95,"mode","hdi","Coleoptera.D","Bee.B"
"37","Coleoptera.E - Bee.B",-0.452962452754809,-1.63612945478171,1.40661589929466,0.95,"mode","hdi","Coleoptera.E","Bee.B"
"38","Diptera.A - Bee.B",-0.374661925162649,-1.28878402597893,0.519176156999447,0.95,"mode","hdi","Diptera.A","Bee.B"
"39","Diptera.B - Bee.B",-0.799646254865966,-1.14542906675131,-0.527455953410731,0.95,"mode","hdi","Diptera.B","Bee.B"
"40","Diptera.C - Bee.B",-0.997500397881293,-1.76034322002079,-0.160312844718945,0.95,"mode","hdi","Diptera.C","Bee.B"
"41","Diptera.D - Bee.B",-0.824157827503372,-1.68693700933641,0.0285375927009435,0.95,"mode","hdi","Diptera.D","Bee.B"
"42","Diptera.E - Bee.B",-0.379477368612533,-1.04668581716168,0.473055218199186,0.95,"mode","hdi","Diptera.E","Bee.B"
"43","Hymenoptera.A - Bee.B",-0.300027748792562,-1.24868307210826,0.591663816555199,0.95,"mode","hdi","Hymenoptera.A","Bee.B"
"44","Hymenoptera.B - Bee.B",-0.0598911688626925,-0.423675530843134,0.259898196965183,0.95,"mode","hdi","Hymenoptera.B","Bee.B"
"45","Hymenoptera.C - Bee.B",-1.04298052902435,-1.85984927815969,-0.230342637600041,0.95,"mode","hdi","Hymenoptera.C","Bee.B"
"46","Hymenoptera.D - Bee.B",-1.41710545664014,-2.37781260495644,-0.432669130585568,0.95,"mode","hdi","Hymenoptera.D","Bee.B"
"47","Hymenoptera.E - Bee.B",-0.886353146712187,-1.68364259962958,0.00504799458228877,0.95,"mode","hdi","Hymenoptera.E","Bee.B"
"48","Lepidoptera.A - Bee.B",-0.805920914403853,-1.66307079752002,0.189162462677643,0.95,"mode","hdi","Lepidoptera.A","Bee.B"
"49","Lepidoptera.B - Bee.B",-0.288992300530232,-0.700046977540912,0.0925547894145122,0.95,"mode","hdi","Lepidoptera.B","Bee.B"
"50","Lepidoptera.C - Bee.B",-1.1039809440198,-1.92165642955706,-0.31807371966111,0.95,"mode","hdi","Lepidoptera.C","Bee.B"
"51","Lepidoptera.D - Bee.B",-1.26371011730257,-2.1605596880196,-0.410848243828179,0.95,"mode","hdi","Lepidoptera.D","Bee.B"
"52","Lepidoptera.E - Bee.B",-0.307083572484973,-1.20855135879635,0.4206378339568,0.95,"mode","hdi","Lepidoptera.E","Bee.B"
"53","Syrphidae.A - Bee.B",-0.406273400385208,-1.40269075398609,0.443184430501076,0.95,"mode","hdi","Syrphidae.A","Bee.B"
"54","Syrphidae.B - Bee.B",-0.137520079023158,-0.662231574961431,0.300676855246638,0.95,"mode","hdi","Syrphidae.B","Bee.B"
"55","Syrphidae.C - Bee.B",-0.364743012895723,-1.13731877680353,0.463433505984089,0.95,"mode","hdi","Syrphidae.C","Bee.B"
"56","Syrphidae.D - Bee.B",-0.543974399912901,-1.26935842967326,0.44179008204229,0.95,"mode","hdi","Syrphidae.D","Bee.B"
"57","Syrphidae.E - Bee.B",0.664166837790253,-0.225083041823736,1.51426784896615,0.95,"mode","hdi","Syrphidae.E","Bee.B"
"58","Bee.D - Bee.C",0.304475502209946,-0.0704460114963084,0.701357314518476,0.95,"mode","hdi","Bee.D","Bee.C"
"59","Bee.E - Bee.C",0.497488392723174,-0.350636416210911,1.20093037902404,0.95,"mode","hdi","Bee.E","Bee.C"
"60","Coleoptera.A - Bee.C",-0.153521418824736,-0.846694103886453,0.50571117494293,0.95,"mode","hdi","Coleoptera.A","Bee.C"
"61","Coleoptera.B - Bee.C",-0.628182995204621,-1.50942175774332,0.229492286949784,0.95,"mode","hdi","Coleoptera.B","Bee.C"
"62","Coleoptera.C - Bee.C",-0.58310794322656,-0.706529258694505,-0.440893196441047,0.95,"mode","hdi","Coleoptera.C","Bee.C"
"63","Coleoptera.D - Bee.C",-0.620187878273613,-1.14324605979883,-0.0713737288369263,0.95,"mode","hdi","Coleoptera.D","Bee.C"
"64","Coleoptera.E - Bee.C",-0.0577968726375575,-1.43511713005993,1.6126570264552,0.95,"mode","hdi","Coleoptera.E","Bee.C"
"65","Diptera.A - Bee.C",-0.0196346354598724,-0.638364101494764,0.655562203856144,0.95,"mode","hdi","Diptera.A","Bee.C"
"66","Diptera.B - Bee.C",-0.501431745681872,-1.29385108669437,0.329867165399184,0.95,"mode","hdi","Diptera.B","Bee.C"
"67","Diptera.C - Bee.C",-0.655076030122543,-0.795648156125391,-0.550197525943118,0.95,"mode","hdi","Diptera.C","Bee.C"
"68","Diptera.D - Bee.C",-0.500543209606339,-0.867066654741788,-0.138507024655162,0.95,"mode","hdi","Diptera.D","Bee.C"
"69","Diptera.E - Bee.C",-0.0213647944780466,-0.708668075386498,0.721350545458156,0.95,"mode","hdi","Diptera.E","Bee.C"
"70","Hymenoptera.A - Bee.C",0.0591464545092508,-0.578897430620864,0.763812031550342,0.95,"mode","hdi","Hymenoptera.A","Bee.C"
"71","Hymenoptera.B - Bee.C",0.288783746520836,-0.577419722101741,1.05161355438875,0.95,"mode","hdi","Hymenoptera.B","Bee.C"
"72","Hymenoptera.C - Bee.C",-0.753067185165176,-0.899308771756134,-0.610686638003669,0.95,"mode","hdi","Hymenoptera.C","Bee.C"
"73","Hymenoptera.D - Bee.C",-1.08120645591362,-1.67744228045621,-0.465324604144115,0.95,"mode","hdi","Hymenoptera.D","Bee.C"
"74","Hymenoptera.E - Bee.C",-0.554438756298007,-1.28189317011371,0.384116610479244,0.95,"mode","hdi","Hymenoptera.E","Bee.C"
"75","Lepidoptera.A - Bee.C",-0.410977239287092,-1.07299635356178,0.226090817645263,0.95,"mode","hdi","Lepidoptera.A","Bee.C"
"76","Lepidoptera.B - Bee.C",0.0325145402415914,-0.764672318606014,0.905884071707811,0.95,"mode","hdi","Lepidoptera.B","Bee.C"
"77","Lepidoptera.C - Bee.C",-0.824666531400422,-0.981984696308269,-0.678073417067464,0.95,"mode","hdi","Lepidoptera.C","Bee.C"
"78","Lepidoptera.D - Bee.C",-0.930817048439019,-1.36557570476416,-0.506826051873418,0.95,"mode","hdi","Lepidoptera.D","Bee.C"
"79","Lepidoptera.E - Bee.C",-0.0524670341771694,-0.749799484405849,0.803720200623285,0.95,"mode","hdi","Lepidoptera.E","Bee.C"
"80","Syrphidae.A - Bee.C",0.0161422244636156,-0.746037449783713,0.582854079439722,0.95,"mode","hdi","Syrphidae.A","Bee.C"
"81","Syrphidae.B - Bee.C",0.231058183654739,-0.69144065855169,1.01899081225003,0.95,"mode","hdi","Syrphidae.B","Bee.C"
"82","Syrphidae.C - Bee.C",-0.0534603603901591,-0.198551328560351,0.0613974249560609,0.95,"mode","hdi","Syrphidae.C","Bee.C"
"83","Syrphidae.D - Bee.C",-0.155006303058316,-0.496328603384277,0.208167036090676,0.95,"mode","hdi","Syrphidae.D","Bee.C"
"84","Syrphidae.E - Bee.C",0.792810193733605,0.0647256714811135,1.78035570737438,0.95,"mode","hdi","Syrphidae.E","Bee.C"
"85","Bee.E - Bee.D",0.145061778702822,-0.689367840634977,0.950986008712996,0.95,"mode","hdi","Bee.E","Bee.D"
"86","Coleoptera.A - Bee.D",-0.415355736074446,-1.28072998985285,0.235352049913182,0.95,"mode","hdi","Coleoptera.A","Bee.D"
"87","Coleoptera.B - Bee.D",-0.878549923029766,-1.83184582812754,-0.0196382076351904,0.95,"mode","hdi","Coleoptera.B","Bee.D"
"88","Coleoptera.C - Bee.D",-0.867196824170892,-1.29303269928221,-0.493351957415417,0.95,"mode","hdi","Coleoptera.C","Bee.D"
"89","Coleoptera.D - Bee.D",-0.90077562448224,-1.37377274383793,-0.481679022774868,0.95,"mode","hdi","Coleoptera.D","Bee.D"
"90","Coleoptera.E - Bee.D",-0.364519468948492,-1.63786457848625,1.42337251122082,0.95,"mode","hdi","Coleoptera.E","Bee.D"
"91","Diptera.A - Bee.D",-0.276954405331753,-1.03785741617665,0.409712260606346,0.95,"mode","hdi","Diptera.A","Bee.D"
"92","Diptera.B - Bee.D",-0.89431753376287,-1.63972584149808,0.0702625964788739,0.95,"mode","hdi","Diptera.B","Bee.D"
"93","Diptera.C - Bee.D",-1.0118704161924,-1.33811546680178,-0.565804990939212,0.95,"mode","hdi","Diptera.C","Bee.D"
"94","Diptera.D - Bee.D",-0.800990104380999,-1.12865878216692,-0.518387439328423,0.95,"mode","hdi","Diptera.D","Bee.D"
"95","Diptera.E - Bee.D",-0.288566099239833,-1.02531337216503,0.495513435172871,0.95,"mode","hdi","Diptera.E","Bee.D"
"96","Hymenoptera.A - Bee.D",-0.196404250060023,-0.997588753176101,0.469022219629976,0.95,"mode","hdi","Hymenoptera.A","Bee.D"
"97","Hymenoptera.B - Bee.D",-0.0909896213272312,-0.936294214480821,0.800148466857936,0.95,"mode","hdi","Hymenoptera.B","Bee.D"
"98","Hymenoptera.C - Bee.D",-1.09088934600916,-1.46616132593564,-0.663570009408328,0.95,"mode","hdi","Hymenoptera.C","Bee.D"
"99","Hymenoptera.D - Bee.D",-1.42887913687752,-1.88486473896647,-0.86680114763556,0.95,"mode","hdi","Hymenoptera.D","Bee.D"
"100","Hymenoptera.E - Bee.D",-0.792136416618082,-1.69056684955754,0.057870987800138,0.95,"mode","hdi","Hymenoptera.E","Bee.D"
"101","Lepidoptera.A - Bee.D",-0.694135848207972,-1.51689210002853,-0.0401522514032528,0.95,"mode","hdi","Lepidoptera.A","Bee.D"
"102","Lepidoptera.B - Bee.D",-0.358306190068906,-1.15519457215962,0.600724003014213,0.95,"mode","hdi","Lepidoptera.B","Bee.D"
"103","Lepidoptera.C - Bee.D",-1.10740496233937,-1.54891584299574,-0.756839768410197,0.95,"mode","hdi","Lepidoptera.C","Bee.D"
"104","Lepidoptera.D - Bee.D",-1.25215082042527,-1.58782322186295,-0.912903983972456,0.95,"mode","hdi","Lepidoptera.D","Bee.D"
"105","Lepidoptera.E - Bee.D",-0.371836228928223,-1.13447730854325,0.537303760992083,0.95,"mode","hdi","Lepidoptera.E","Bee.D"
"106","Syrphidae.A - Bee.D",-0.431495894375527,-1.15496590668967,0.326568709212405,0.95,"mode","hdi","Syrphidae.A","Bee.D"
"107","Syrphidae.B - Bee.D",-0.170874800158021,-1.0315148969818,0.781513290975536,0.95,"mode","hdi","Syrphidae.B","Bee.D"
"108","Syrphidae.C - Bee.D",-0.344895847367848,-0.751284039630268,0.0286077437691752,0.95,"mode","hdi","Syrphidae.C","Bee.D"
"109","Syrphidae.D - Bee.D",-0.491033896874911,-0.747582273192639,-0.203455646901656,0.95,"mode","hdi","Syrphidae.D","Bee.D"
"110","Syrphidae.E - Bee.D",0.655847664844458,-0.283092238742358,1.50775753177797,0.95,"mode","hdi","Syrphidae.E","Bee.D"
"111","Coleoptera.A - Bee.E",-0.555086981920582,-1.49647555978435,0.291218060506695,0.95,"mode","hdi","Coleoptera.A","Bee.E"
"112","Coleoptera.B - Bee.E",-1.07071617870187,-1.88807262859324,-0.231399016078552,0.95,"mode","hdi","Coleoptera.B","Bee.E"
"113","Coleoptera.C - Bee.E",-1.04376173795505,-1.76037236779108,-0.212508255002144,0.95,"mode","hdi","Coleoptera.C","Bee.E"
"114","Coleoptera.D - Bee.E",-1.02945811573714,-1.91923276092317,-0.110963225892911,0.95,"mode","hdi","Coleoptera.D","Bee.E"
"115","Coleoptera.E - Bee.E",-0.449943958539853,-1.6276603786825,1.14156437652584,0.95,"mode","hdi","Coleoptera.E","Bee.E"
"116","Diptera.A - Bee.E",-0.368439254733546,-1.32623771893172,0.467049651132441,0.95,"mode","hdi","Diptera.A","Bee.E"
"117","Diptera.B - Bee.E",-0.963098565512017,-1.74753391479761,-0.184168811780334,0.95,"mode","hdi","Diptera.B","Bee.E"
"118","Diptera.C - Bee.E",-1.19964698621307,-1.86907885149821,-0.333906581802496,0.95,"mode","hdi","Diptera.C","Bee.E"
"119","Diptera.D - Bee.E",-0.996938818860458,-1.78212115499841,-0.0999696176187816,0.95,"mode","hdi","Diptera.D","Bee.E"
"120","Diptera.E - Bee.E",-0.422094093530271,-0.823243482413067,0.0328930420749733,0.95,"mode","hdi","Diptera.E","Bee.E"
"121","Hymenoptera.A - Bee.E",-0.293987431747957,-1.33125725455003,0.470563315058797,0.95,"mode","hdi","Hymenoptera.A","Bee.E"
"122","Hymenoptera.B - Bee.E",-0.207338389452389,-1.01069793405341,0.607670072701539,0.95,"mode","hdi","Hymenoptera.B","Bee.E"
"123","Hymenoptera.C - Bee.E",-1.28013917962328,-1.93962292510673,-0.407965218514382,0.95,"mode","hdi","Hymenoptera.C","Bee.E"
"124","Hymenoptera.D - Bee.E",-1.49517804582698,-2.51992384996333,-0.617410359887267,0.95,"mode","hdi","Hymenoptera.D","Bee.E"
"125","Hymenoptera.E - Bee.E",-0.908831824944644,-1.52080483967297,-0.369984021724834,0.95,"mode","hdi","Hymenoptera.E","Bee.E"
"126","Lepidoptera.A - Bee.E",-0.808025768893823,-1.76672892338907,0.0151178788527941,0.95,"mode","hdi","Lepidoptera.A","Bee.E"
"127","Lepidoptera.B - Bee.E",-0.356764826493125,-1.22928417090281,0.422596157913461,0.95,"mode","hdi","Lepidoptera.B","Bee.E"
"128","Lepidoptera.C - Bee.E",-1.33284391798831,-2.04178771984598,-0.47313086667789,0.95,"mode","hdi","Lepidoptera.C","Bee.E"
"129","Lepidoptera.D - Bee.E",-1.35149453364693,-2.23094395106505,-0.53638997681146,0.95,"mode","hdi","Lepidoptera.D","Bee.E"
"130","Lepidoptera.E - Bee.E",-0.450153949759093,-0.945895061057582,0.0566032647496355,0.95,"mode","hdi","Lepidoptera.E","Bee.E"
"131","Syrphidae.A - Bee.E",-0.461713064761307,-1.44286487399726,0.336970403186706,0.95,"mode","hdi","Syrphidae.A","Bee.E"
"132","Syrphidae.B - Bee.E",-0.259236749614667,-1.11416665531707,0.558842190492088,0.95,"mode","hdi","Syrphidae.B","Bee.E"
"133","Syrphidae.C - Bee.E",-0.532141327047327,-1.29135671068209,0.273883930619207,0.95,"mode","hdi","Syrphidae.C","Bee.E"
"134","Syrphidae.D - Bee.E",-0.644961243168239,-1.4378779483975,0.20519980984419,0.95,"mode","hdi","Syrphidae.D","Bee.E"
"135","Syrphidae.E - Bee.E",0.44291335867323,-0.14429520315019,1.07513833509846,0.95,"mode","hdi","Syrphidae.E","Bee.E"
"136","Coleoptera.B - Coleoptera.A",-0.346338951131073,-1.53330377549165,0.451127775342568,0.95,"mode","hdi","Coleoptera.B","Coleoptera.A"
"137","Coleoptera.C - Coleoptera.A",-0.465674643700345,-1.09021495476912,0.26911383995665,0.95,"mode","hdi","Coleoptera.C","Coleoptera.A"
"138","Coleoptera.D - Coleoptera.A",-0.391665841107691,-1.30744802526409,0.344445861836803,0.95,"mode","hdi","Coleoptera.D","Coleoptera.A"
"139","Coleoptera.E - Coleoptera.A",0.445639293399108,-1.29715519004531,1.87750907848426,0.95,"mode","hdi","Coleoptera.E","Coleoptera.A"
"140","Diptera.A - Coleoptera.A",0.154434841354467,-0.136134150815342,0.450677057280066,0.95,"mode","hdi","Diptera.A","Coleoptera.A"
"141","Diptera.B - Coleoptera.A",-0.316841334993917,-1.26545552707635,0.613988803200072,0.95,"mode","hdi","Diptera.B","Coleoptera.A"
"142","Diptera.C - Coleoptera.A",-0.545602208860725,-1.1610156005894,0.190665923903894,0.95,"mode","hdi","Diptera.C","Coleoptera.A"
"143","Diptera.D - Coleoptera.A",-0.353279022362076,-1.10966580619366,0.378157126587107,0.95,"mode","hdi","Diptera.D","Coleoptera.A"
"144","Diptera.E - Coleoptera.A",0.154497922362654,-0.591246517794485,1.11581338438981,0.95,"mode","hdi","Diptera.E","Coleoptera.A"
"145","Hymenoptera.A - Coleoptera.A",0.242184028861641,-0.119663756086656,0.573399590358894,0.95,"mode","hdi","Hymenoptera.A","Coleoptera.A"
"146","Hymenoptera.B - Coleoptera.A",0.381187124308169,-0.508284459539522,1.40037391415772,0.95,"mode","hdi","Hymenoptera.B","Coleoptera.A"
"147","Hymenoptera.C - Coleoptera.A",-0.636327379773471,-1.2815868743429,0.101997852304369,0.95,"mode","hdi","Hymenoptera.C","Coleoptera.A"
"148","Hymenoptera.D - Coleoptera.A",-1.016805539055,-1.86350708646701,-0.0860465537676962,0.95,"mode","hdi","Hymenoptera.D","Coleoptera.A"
"149","Hymenoptera.E - Coleoptera.A",-0.464829293813504,-1.28940833089598,0.637889017922495,0.95,"mode","hdi","Hymenoptera.E","Coleoptera.A"
"150","Lepidoptera.A - Coleoptera.A",-0.230910717006723,-0.611572404677463,0.0929527823486689,0.95,"mode","hdi","Lepidoptera.A","Coleoptera.A"
"151","Lepidoptera.B - Coleoptera.A",0.168328337124406,-0.759540032052511,1.18911804816589,0.95,"mode","hdi","Lepidoptera.B","Coleoptera.A"
"152","Lepidoptera.C - Coleoptera.A",-0.726313716174524,-1.33546947316274,0.0414845324888562,0.95,"mode","hdi","Lepidoptera.C","Coleoptera.A"
"153","Lepidoptera.D - Coleoptera.A",-0.856352995106369,-1.50307435459299,0.0598341922833718,0.95,"mode","hdi","Lepidoptera.D","Coleoptera.A"
"154","Lepidoptera.E - Coleoptera.A",0.164246704129212,-0.761436356228149,1.09036433643449,0.95,"mode","hdi","Lepidoptera.E","Coleoptera.A"
"155","Syrphidae.A - Coleoptera.A",0.0323580578831103,-0.296994152201653,0.386115521800871,0.95,"mode","hdi","Syrphidae.A","Coleoptera.A"
"156","Syrphidae.B - Coleoptera.A",0.316716022653084,-0.676828648268062,1.28913219530886,0.95,"mode","hdi","Syrphidae.B","Coleoptera.A"
"157","Syrphidae.C - Coleoptera.A",0.0768836104341641,-0.583155804487211,0.782901301843574,0.95,"mode","hdi","Syrphidae.C","Coleoptera.A"
"158","Syrphidae.D - Coleoptera.A",-0.0387404763365804,-0.785691570470578,0.704123853220286,0.95,"mode","hdi","Syrphidae.D","Coleoptera.A"
"159","Syrphidae.E - Coleoptera.A",1.0088880395505,0.15043932129489,2.07952386575087,0.95,"mode","hdi","Syrphidae.E","Coleoptera.A"
"160","Coleoptera.C - Coleoptera.B",0.071104982815432,-0.82603450263319,0.929196638524397,0.95,"mode","hdi","Coleoptera.C","Coleoptera.B"
"161","Coleoptera.D - Coleoptera.B",-0.0311261441375366,-0.96102776963017,1.00521423652519,0.95,"mode","hdi","Coleoptera.D","Coleoptera.B"
"162","Coleoptera.E - Coleoptera.B",0.763633211356676,-0.64972641383217,2.45147499522813,0.95,"mode","hdi","Coleoptera.E","Coleoptera.B"
"163","Diptera.A - Coleoptera.B",0.659841909635531,-0.281146536735752,1.64620768650504,0.95,"mode","hdi","Diptera.A","Coleoptera.B"
"164","Diptera.B - Coleoptera.B",0.155914919058038,-0.303187291999601,0.522965778326706,0.95,"mode","hdi","Diptera.B","Coleoptera.B"
"165","Diptera.C - Coleoptera.B",-0.0440787588342593,-0.885917694987952,0.834401180609302,0.95,"mode","hdi","Diptera.C","Coleoptera.B"
"166","Diptera.D - Coleoptera.B",0.0902680546787824,-0.786085646976705,0.998369964938455,0.95,"mode","hdi","Diptera.D","Coleoptera.B"
"167","Diptera.E - Coleoptera.B",0.665391186995639,-0.175828207749719,1.47226699965773,0.95,"mode","hdi","Diptera.E","Coleoptera.B"
"168","Hymenoptera.A - Coleoptera.B",0.664517838504362,-0.224625097066542,1.71503951284054,0.95,"mode","hdi","Hymenoptera.A","Coleoptera.B"
"169","Hymenoptera.B - Coleoptera.B",0.870244124491725,0.452793836747775,1.31730445565624,0.95,"mode","hdi","Hymenoptera.B","Coleoptera.B"
"170","Hymenoptera.C - Coleoptera.B",-0.136963536944136,-0.966164047451219,0.771064538832139,0.95,"mode","hdi","Hymenoptera.C","Coleoptera.B"
"171","Hymenoptera.D - Coleoptera.B",-0.494771023336176,-1.45221098428027,0.607578648831751,0.95,"mode","hdi","Hymenoptera.D","Coleoptera.B"
"172","Hymenoptera.E - Coleoptera.B",0.0488482397515662,-0.807327042389237,0.998555862916645,0.95,"mode","hdi","Hymenoptera.E","Coleoptera.B"
"173","Lepidoptera.A - Coleoptera.B",0.19778251392363,-0.853268218057677,1.12773586101404,0.95,"mode","hdi","Lepidoptera.A","Coleoptera.B"
"174","Lepidoptera.B - Coleoptera.B",0.684330870112109,0.168223554277064,1.13283807933767,0.95,"mode","hdi","Lepidoptera.B","Coleoptera.B"
"175","Lepidoptera.C - Coleoptera.B",-0.197065842298479,-1.02788809877454,0.709032199411404,0.95,"mode","hdi","Lepidoptera.C","Coleoptera.B"
"176","Lepidoptera.D - Coleoptera.B",-0.403434360597589,-1.23060840516241,0.606893998854602,0.95,"mode","hdi","Lepidoptera.D","Coleoptera.B"
"177","Lepidoptera.E - Coleoptera.B",0.627333789708768,-0.256758198323298,1.49498114289125,0.95,"mode","hdi","Lepidoptera.E","Coleoptera.B"
"178","Syrphidae.A - Coleoptera.B",0.54715867019207,-0.476180192227301,1.47153597823668,0.95,"mode","hdi","Syrphidae.A","Coleoptera.B"
"179","Syrphidae.B - Coleoptera.B",0.766936094089575,0.230061636095785,1.35943281102965,0.95,"mode","hdi","Syrphidae.B","Coleoptera.B"
"180","Syrphidae.C - Coleoptera.B",0.578779157724369,-0.304132286387941,1.42048913966519,0.95,"mode","hdi","Syrphidae.C","Coleoptera.B"
"181","Syrphidae.D - Coleoptera.B",0.472042778709286,-0.473787224415795,1.35508441803892,0.95,"mode","hdi","Syrphidae.D","Coleoptera.B"
"182","Syrphidae.E - Coleoptera.B",1.63205125966273,0.661187169818413,2.50324221362248,0.95,"mode","hdi","Syrphidae.E","Coleoptera.B"
"183","Coleoptera.D - Coleoptera.C",-0.0506630041758491,-0.576477122682814,0.515781693566106,0.95,"mode","hdi","Coleoptera.D","Coleoptera.C"
"184","Coleoptera.E - Coleoptera.C",0.562776479104335,-0.841697164445141,2.21422359052252,0.95,"mode","hdi","Coleoptera.E","Coleoptera.C"
"185","Diptera.A - Coleoptera.C",0.632372731231127,-0.0865041415226573,1.22064519858547,0.95,"mode","hdi","Diptera.A","Coleoptera.C"
"186","Diptera.B - Coleoptera.C",0.0749984324997246,-0.746122205176897,0.889530388675051,0.95,"mode","hdi","Diptera.B","Coleoptera.C"
"187","Diptera.C - Coleoptera.C",-0.10450879872088,-0.238952895830939,0.048366522303116,0.95,"mode","hdi","Diptera.C","Coleoptera.C"
"188","Diptera.D - Coleoptera.C",0.0743477356917273,-0.313134932176697,0.443423402508266,0.95,"mode","hdi","Diptera.D","Coleoptera.C"
"189","Diptera.E - Coleoptera.C",0.530126139910438,-0.10226987803361,1.33856517483977,0.95,"mode","hdi","Diptera.E","Coleoptera.C"
"190","Hymenoptera.A - Coleoptera.C",0.709353364529675,-0.00812102893409783,1.34542597226189,0.95,"mode","hdi","Hymenoptera.A","Coleoptera.C"
"191","Hymenoptera.B - Coleoptera.C",0.853901631838642,0.0352092427629174,1.67965207904942,0.95,"mode","hdi","Hymenoptera.B","Coleoptera.C"
"192","Hymenoptera.C - Coleoptera.C",-0.178944204105811,-0.339671407849596,-0.0148393767536046,0.95,"mode","hdi","Hymenoptera.C","Coleoptera.C"
"193","Hymenoptera.D - Coleoptera.C",-0.507389283267905,-1.16082062116179,0.0688602701820376,0.95,"mode","hdi","Hymenoptera.D","Coleoptera.C"
"194","Hymenoptera.E - Coleoptera.C",0.00569003725143258,-0.749530835735022,0.92584467063529,0.95,"mode","hdi","Hymenoptera.E","Coleoptera.C"
"195","Lepidoptera.A - Coleoptera.C",0.0770347121998758,-0.522327759969468,0.796947915546403,0.95,"mode","hdi","Lepidoptera.A","Coleoptera.C"
"196","Lepidoptera.B - Coleoptera.C",0.590287523500707,-0.232376592560058,1.47193474216524,0.95,"mode","hdi","Lepidoptera.B","Coleoptera.C"
"197","Lepidoptera.C - Coleoptera.C",-0.23883238824503,-0.441587344651778,-0.0963608153802795,0.95,"mode","hdi","Lepidoptera.C","Coleoptera.C"
"198","Lepidoptera.D - Coleoptera.C",-0.354837736514869,-0.78219599095902,0.093842269518924,0.95,"mode","hdi","Lepidoptera.D","Coleoptera.C"
"199","Lepidoptera.E - Coleoptera.C",0.542610387065017,-0.257813835006736,1.31761959121726,0.95,"mode","hdi","Lepidoptera.E","Coleoptera.C"
"200","Syrphidae.A - Coleoptera.C",0.582261968660892,-0.223177741209485,1.11405539454633,0.95,"mode","hdi","Syrphidae.A","Coleoptera.C"
"201","Syrphidae.B - Coleoptera.C",0.684921609002177,-0.104245827232,1.60528508563298,0.95,"mode","hdi","Syrphidae.B","Coleoptera.C"
"202","Syrphidae.C - Coleoptera.C",0.509885065130324,0.35408627506086,0.663894132911582,0.95,"mode","hdi","Syrphidae.C","Coleoptera.C"
"203","Syrphidae.D - Coleoptera.C",0.400613495874751,0.0789684308303995,0.807905096927234,0.95,"mode","hdi","Syrphidae.D","Coleoptera.C"
"204","Syrphidae.E - Coleoptera.C",1.52802011316233,0.679397013121774,2.40880595049663,0.95,"mode","hdi","Syrphidae.E","Coleoptera.C"
"205","Coleoptera.E - Coleoptera.D",0.622061735351755,-0.833564660700984,2.34067730887712,0.95,"mode","hdi","Coleoptera.E","Coleoptera.D"
"206","Diptera.A - Coleoptera.D",0.575860276988845,-0.198514841840141,1.40387610051717,0.95,"mode","hdi","Diptera.A","Coleoptera.D"
"207","Diptera.B - Coleoptera.D",0.0660346590067218,-0.866889008650761,0.982199991748534,0.95,"mode","hdi","Diptera.B","Coleoptera.D"
"208","Diptera.C - Coleoptera.D",-0.0403053560602462,-0.590311283665408,0.479963926238276,0.95,"mode","hdi","Diptera.C","Coleoptera.D"
"209","Diptera.D - Coleoptera.D",0.112716381789256,-0.386153473320387,0.575935207910402,0.95,"mode","hdi","Diptera.D","Coleoptera.D"
"210","Diptera.E - Coleoptera.D",0.721278605957766,-0.142293812756871,1.54069613539009,0.95,"mode","hdi","Diptera.E","Coleoptera.D"
"211","Hymenoptera.A - Coleoptera.D",0.635464510986262,-0.113616428275232,1.53858922202798,0.95,"mode","hdi","Hymenoptera.A","Coleoptera.D"
"212","Hymenoptera.B - Coleoptera.D",0.773284382645729,-0.0298039430125696,1.84049001601725,0.95,"mode","hdi","Hymenoptera.B","Coleoptera.D"
"213","Hymenoptera.C - Coleoptera.D",-0.195657084151749,-0.678060889109922,0.426052738554838,0.95,"mode","hdi","Hymenoptera.C","Coleoptera.D"
"214","Hymenoptera.D - Coleoptera.D",-0.538241961471815,-1.10400848581758,0.194683332169282,0.95,"mode","hdi","Hymenoptera.D","Coleoptera.D"
"215","Hymenoptera.E - Coleoptera.D",0.237670492784214,-0.821401508430603,1.04454104699163,0.95,"mode","hdi","Hymenoptera.E","Coleoptera.D"
"216","Lepidoptera.A - Coleoptera.D",0.28739463252385,-0.633243638056087,0.982341709145904,0.95,"mode","hdi","Lepidoptera.A","Coleoptera.D"
"217","Lepidoptera.B - Coleoptera.D",0.595837770433713,-0.344157120753549,1.60860327536708,0.95,"mode","hdi","Lepidoptera.B","Coleoptera.D"
"218","Lepidoptera.C - Coleoptera.D",-0.214971130464649,-0.756069371458632,0.32336372652448,0.95,"mode","hdi","Lepidoptera.C","Coleoptera.D"
"219","Lepidoptera.D - Coleoptera.D",-0.343454392504911,-0.849582373706339,0.162893012940922,0.95,"mode","hdi","Lepidoptera.D","Coleoptera.D"
"220","Lepidoptera.E - Coleoptera.D",0.638342063366195,-0.308565112466376,1.49232306923537,0.95,"mode","hdi","Lepidoptera.E","Coleoptera.D"
"221","Syrphidae.A - Coleoptera.D",0.509567163061023,-0.274946379019431,1.35175391597418,0.95,"mode","hdi","Syrphidae.A","Coleoptera.D"
"222","Syrphidae.B - Coleoptera.D",0.782508479290479,-0.175858374823644,1.77874548859789,0.95,"mode","hdi","Syrphidae.B","Coleoptera.D"
"223","Syrphidae.C - Coleoptera.D",0.562687172853228,0.0133995634631603,1.08555581465831,0.95,"mode","hdi","Syrphidae.C","Coleoptera.D"
"224","Syrphidae.D - Coleoptera.D",0.471752915996471,0.00917905596274782,0.908078895074585,0.95,"mode","hdi","Syrphidae.D","Coleoptera.D"
"225","Syrphidae.E - Coleoptera.D",1.61740446168066,0.600069651443702,2.50560209591237,0.95,"mode","hdi","Syrphidae.E","Coleoptera.D"
"226","Diptera.A - Coleoptera.E",-0.0449020628457739,-1.75781569349488,1.39527983340886,0.95,"mode","hdi","Diptera.A","Coleoptera.E"
"227","Diptera.B - Coleoptera.E",-0.621219034874807,-2.28357138350715,0.783586854971302,0.95,"mode","hdi","Diptera.B","Coleoptera.E"
"228","Diptera.C - Coleoptera.E",-0.656383186611147,-2.33562299269253,0.713656756280031,0.95,"mode","hdi","Diptera.C","Coleoptera.E"
"229","Diptera.D - Coleoptera.E",-0.471380960463301,-2.20097666356326,0.835265833938234,0.95,"mode","hdi","Diptera.D","Coleoptera.E"
"230","Diptera.E - Coleoptera.E",0.0137697417192806,-1.4882393811554,1.16736710093519,0.95,"mode","hdi","Diptera.E","Coleoptera.E"
"231","Hymenoptera.A - Coleoptera.E",-0.0306253193208019,-1.79307410176206,1.39047586824082,0.95,"mode","hdi","Hymenoptera.A","Coleoptera.E"
"232","Hymenoptera.B - Coleoptera.E",0.293257817729544,-1.48666223249268,1.56535188969781,0.95,"mode","hdi","Hymenoptera.B","Coleoptera.E"
"233","Hymenoptera.C - Coleoptera.E",-0.774410384136499,-2.49127094737061,0.570341753790774,0.95,"mode","hdi","Hymenoptera.C","Coleoptera.E"
"234","Hymenoptera.D - Coleoptera.E",-1.20077203997522,-2.89994685838644,0.321601826841925,0.95,"mode","hdi","Hymenoptera.D","Coleoptera.E"
"235","Hymenoptera.E - Coleoptera.E",-0.581672246738433,-2.00090704444636,0.762969952153647,0.95,"mode","hdi","Hymenoptera.E","Coleoptera.E"
"236","Lepidoptera.A - Coleoptera.E",-0.470576788434854,-2.23481275038795,0.911513871801888,0.95,"mode","hdi","Lepidoptera.A","Coleoptera.E"
"237","Lepidoptera.B - Coleoptera.E",-0.159411821219221,-1.69431426833566,1.41549345361655,0.95,"mode","hdi","Lepidoptera.B","Coleoptera.E"
"238","Lepidoptera.C - Coleoptera.E",-0.771959250214618,-2.48178277913051,0.593785298282446,0.95,"mode","hdi","Lepidoptera.C","Coleoptera.E"
"239","Lepidoptera.D - Coleoptera.E",-0.979979017467486,-2.60320353842037,0.460101622047817,0.95,"mode","hdi","Lepidoptera.D","Coleoptera.E"
"240","Lepidoptera.E - Coleoptera.E",-0.0480641190255566,-1.60761308220673,1.14697090141025,0.95,"mode","hdi","Lepidoptera.E","Coleoptera.E"
"241","Syrphidae.A - Coleoptera.E",-0.25914989894502,-1.81812027797862,1.37336950437672,0.95,"mode","hdi","Syrphidae.A","Coleoptera.E"
"242","Syrphidae.B - Coleoptera.E",-0.083410782238265,-1.64710400968531,1.45765653421635,0.95,"mode","hdi","Syrphidae.B","Coleoptera.E"
"243","Syrphidae.C - Coleoptera.E",-0.0540894429130097,-1.67221552389578,1.40445992722064,0.95,"mode","hdi","Syrphidae.C","Coleoptera.E"
"244","Syrphidae.D - Coleoptera.E",-0.153941468733827,-1.82937902376515,1.19687161417271,0.95,"mode","hdi","Syrphidae.D","Coleoptera.E"
"245","Syrphidae.E - Coleoptera.E",0.635964751136914,-0.673487954283055,2.19173655229696,0.95,"mode","hdi","Syrphidae.E","Coleoptera.E"
"246","Diptera.B - Diptera.A",-0.504342975640569,-1.39989985511347,0.424935167732271,0.95,"mode","hdi","Diptera.B","Diptera.A"
"247","Diptera.C - Diptera.A",-0.629344427723407,-1.31746386964191,-0.0123073884621059,0.95,"mode","hdi","Diptera.C","Diptera.A"
"248","Diptera.D - Diptera.A",-0.520703358938751,-1.24300481534517,0.180841889787228,0.95,"mode","hdi","Diptera.D","Diptera.A"
"249","Diptera.E - Diptera.A",-0.0327568583325786,-0.782948222197827,0.883362558867149,0.95,"mode","hdi","Diptera.E","Diptera.A"
"250","Hymenoptera.A - Diptera.A",0.100860440027296,-0.208733692539488,0.342250885308127,0.95,"mode","hdi","Hymenoptera.A","Diptera.A"
"251","Hymenoptera.B - Diptera.A",0.254679141295908,-0.704830399773176,1.16138949416544,0.95,"mode","hdi","Hymenoptera.B","Diptera.A"
"252","Hymenoptera.C - Diptera.A",-0.810603990632641,-1.42779322359425,-0.11310979360323,0.95,"mode","hdi","Hymenoptera.C","Diptera.A"
"253","Hymenoptera.D - Diptera.A",-1.08137759577162,-1.88601097527507,-0.150489155856062,0.95,"mode","hdi","Hymenoptera.D","Diptera.A"
"254","Hymenoptera.E - Diptera.A",-0.577192369642622,-1.41582441286113,0.461296445482039,0.95,"mode","hdi","Hymenoptera.E","Diptera.A"
"255","Lepidoptera.A - Diptera.A",-0.435201387275163,-0.723873577277164,-0.164066681237957,0.95,"mode","hdi","Lepidoptera.A","Diptera.A"
"256","Lepidoptera.B - Diptera.A",-0.0180987677990148,-0.900634377402778,1.01411701107714,0.95,"mode","hdi","Lepidoptera.B","Diptera.A"
"257","Lepidoptera.C - Diptera.A",-0.808339400955146,-1.49461919880138,-0.181739554150036,0.95,"mode","hdi","Lepidoptera.C","Diptera.A"
"258","Lepidoptera.D - Diptera.A",-0.942647111416191,-1.68314815662082,-0.182213007119199,0.95,"mode","hdi","Lepidoptera.D","Diptera.A"
"259","Lepidoptera.E - Diptera.A",-0.0406092268804521,-0.93260254730268,0.887862776679802,0.95,"mode","hdi","Lepidoptera.E","Diptera.A"
"260","Syrphidae.A - Diptera.A",-0.123574062878044,-0.351406079853239,0.174186502153476,0.95,"mode","hdi","Syrphidae.A","Diptera.A"
"261","Syrphidae.B - Diptera.A",0.134042616858712,-0.795384457481578,1.15490239240983,0.95,"mode","hdi","Syrphidae.B","Diptera.A"
"262","Syrphidae.C - Diptera.A",-0.013962792667332,-0.725841512513783,0.568943503690842,0.95,"mode","hdi","Syrphidae.C","Diptera.A"
"263","Syrphidae.D - Diptera.A",-0.1339599742496,-0.832327766904558,0.584405943165381,0.95,"mode","hdi","Syrphidae.D","Diptera.A"
"264","Syrphidae.E - Diptera.A",0.908415770312569,-0.0600094123805315,1.87063864332607,0.95,"mode","hdi","Syrphidae.E","Diptera.A"
"265","Diptera.C - Diptera.B",-0.180091383886831,-0.988288128385806,0.652279759801742,0.95,"mode","hdi","Diptera.C","Diptera.B"
"266","Diptera.D - Diptera.B",0.018532904706869,-0.87917468780029,0.84287151625953,0.95,"mode","hdi","Diptera.D","Diptera.B"
"267","Diptera.E - Diptera.B",0.508471704686094,-0.241746075271799,1.31035606593437,0.95,"mode","hdi","Diptera.E","Diptera.B"
"268","Hymenoptera.A - Diptera.B",0.544235769152965,-0.276778488091137,1.56105996776904,0.95,"mode","hdi","Hymenoptera.A","Diptera.B"
"269","Hymenoptera.B - Diptera.B",0.796971670677313,0.462654836261589,1.09251710705162,0.95,"mode","hdi","Hymenoptera.B","Diptera.B"
"270","Hymenoptera.C - Diptera.B",-0.23950460519516,-1.06505288636945,0.582639043979823,0.95,"mode","hdi","Hymenoptera.C","Diptera.B"
"271","Hymenoptera.D - Diptera.B",-0.518795005144535,-1.49972557769431,0.457653109278666,0.95,"mode","hdi","Hymenoptera.D","Diptera.B"
"272","Hymenoptera.E - Diptera.B",0.016825047567089,-0.791475436446599,0.921567268837924,0.95,"mode","hdi","Hymenoptera.E","Diptera.B"
"273","Lepidoptera.A - Diptera.B",0.029291148351942,-0.88126522437799,1.00935090961607,0.95,"mode","hdi","Lepidoptera.A","Diptera.B"
"274","Lepidoptera.B - Diptera.B",0.569881536037308,0.175129807136368,0.926494227720189,0.95,"mode","hdi","Lepidoptera.B","Diptera.B"
"275","Lepidoptera.C - Diptera.B",-0.370066519406896,-1.08595379516796,0.560667149856426,0.95,"mode","hdi","Lepidoptera.C","Diptera.B"
"276","Lepidoptera.D - Diptera.B",-0.40661184079346,-1.31428668204966,0.469875737149024,0.95,"mode","hdi","Lepidoptera.D","Diptera.B"
"277","Lepidoptera.E - Diptera.B",0.518779582038388,-0.279389202094023,1.35436145530804,0.95,"mode","hdi","Lepidoptera.E","Diptera.B"
"278","Syrphidae.A - Diptera.B",0.386719614233648,-0.532896271586475,1.34160505577819,0.95,"mode","hdi","Syrphidae.A","Diptera.B"
"279","Syrphidae.B - Diptera.B",0.683695734283129,0.201194329594145,1.14495074839082,0.95,"mode","hdi","Syrphidae.B","Diptera.B"
"280","Syrphidae.C - Diptera.B",0.418623712847871,-0.379044714383403,1.25748707292426,0.95,"mode","hdi","Syrphidae.C","Diptera.B"
"281","Syrphidae.D - Diptera.B",0.428120253743843,-0.473254064035829,1.21113126565371,0.95,"mode","hdi","Syrphidae.D","Diptera.B"
"282","Syrphidae.E - Diptera.B",1.53054868760771,0.581082429891842,2.33751884403067,0.95,"mode","hdi","Syrphidae.E","Diptera.B"
"283","Diptera.D - Diptera.C",0.162187953622405,-0.224576411783681,0.502727357363907,0.95,"mode","hdi","Diptera.D","Diptera.C"
"284","Diptera.E - Diptera.C",0.624713402677316,0.00249518517823244,1.44052073273504,0.95,"mode","hdi","Diptera.E","Diptera.C"
"285","Hymenoptera.A - Diptera.C",0.703310432650276,0.058776870446092,1.40628537167104,0.95,"mode","hdi","Hymenoptera.A","Diptera.C"
"286","Hymenoptera.B - Diptera.C",0.92906568314546,0.0722635570153392,1.72340983575993,0.95,"mode","hdi","Hymenoptera.B","Diptera.C"
"287","Hymenoptera.C - Diptera.C",-0.0922539189198041,-0.232674987254089,0.0661829604140607,0.95,"mode","hdi","Hymenoptera.C","Diptera.C"
"288","Hymenoptera.D - Diptera.C",-0.436171851768532,-1.04123873886256,0.167869147765439,0.95,"mode","hdi","Hymenoptera.D","Diptera.C"
"289","Hymenoptera.E - Diptera.C",0.11287177284066,-0.614544717350911,1.04251316870803,0.95,"mode","hdi","Hymenoptera.E","Diptera.C"
"290","Lepidoptera.A - Diptera.C",0.189623641012949,-0.39357072280771,0.914808033307696,0.95,"mode","hdi","Lepidoptera.A","Diptera.C"
"291","Lepidoptera.B - Diptera.C",0.689309295802111,-0.173402254055053,1.5201971230805,0.95,"mode","hdi","Lepidoptera.B","Diptera.C"
"292","Lepidoptera.C - Diptera.C",-0.167778182507084,-0.326085050313197,-0.0107904643445593,0.95,"mode","hdi","Lepidoptera.C","Diptera.C"
"293","Lepidoptera.D - Diptera.C",-0.246577850790812,-0.708842060136138,0.131222858675353,0.95,"mode","hdi","Lepidoptera.D","Diptera.C"
"294","Lepidoptera.E - Diptera.C",0.583206348771606,-0.143346177012165,1.41276365879745,0.95,"mode","hdi","Lepidoptera.E","Diptera.C"
"295","Syrphidae.A - Diptera.C",0.649183341992057,-0.103531696777645,1.22162776373374,0.95,"mode","hdi","Syrphidae.A","Diptera.C"
"296","Syrphidae.B - Diptera.C",0.825261165639513,-0.0630689210973543,1.6495637691644,0.95,"mode","hdi","Syrphidae.B","Diptera.C"
"297","Syrphidae.C - Diptera.C",0.603453156857993,0.454978834985258,0.725701706747546,0.95,"mode","hdi","Syrphidae.C","Diptera.C"
"298","Syrphidae.D - Diptera.C",0.488040755063297,0.174326319728213,0.870287848081928,0.95,"mode","hdi","Syrphidae.D","Diptera.C"
"299","Syrphidae.E - Diptera.C",1.57537969768585,0.782591763598569,2.48725193242226,0.95,"mode","hdi","Syrphidae.E","Diptera.C"
"300","Diptera.E - Diptera.D",0.499166356290582,-0.169498904955013,1.3779619441113,0.95,"mode","hdi","Diptera.E","Diptera.D"
"301","Hymenoptera.A - Diptera.D",0.527927703999721,-0.107503543063805,1.37339848356238,0.95,"mode","hdi","Hymenoptera.A","Diptera.D"
"302","Hymenoptera.B - Diptera.D",0.801749773202546,-0.0976543325190944,1.61543611490689,0.95,"mode","hdi","Hymenoptera.B","Diptera.D"
"303","Hymenoptera.C - Diptera.D",-0.2307243025534,-0.632839012144107,0.130668392152485,0.95,"mode","hdi","Hymenoptera.C","Diptera.D"
"304","Hymenoptera.D - Diptera.D",-0.56775346238138,-1.07085085413153,0.00802006301030467,0.95,"mode","hdi","Hymenoptera.D","Diptera.D"
"305","Hymenoptera.E - Diptera.D",0.00639567016593401,-0.879351578762258,0.888364298809558,0.95,"mode","hdi","Hymenoptera.E","Diptera.D"
"306","Lepidoptera.A - Diptera.D",0.0605860576994643,-0.630303318569904,0.81488548446776,0.95,"mode","hdi","Lepidoptera.A","Diptera.D"
"307","Lepidoptera.B - Diptera.D",0.53917330687544,-0.337854814701018,1.44630672871333,0.95,"mode","hdi","Lepidoptera.B","Diptera.D"
"308","Lepidoptera.C - Diptera.D",-0.289990572651795,-0.673429888724857,0.0853746905508928,0.95,"mode","hdi","Lepidoptera.C","Diptera.D"
"309","Lepidoptera.D - Diptera.D",-0.416159195089502,-0.782202568461872,-0.0742472186851124,0.95,"mode","hdi","Lepidoptera.D","Diptera.D"
"310","Lepidoptera.E - Diptera.D",0.500278692633166,-0.320850039694888,1.38112441131084,0.95,"mode","hdi","Lepidoptera.E","Diptera.D"
"311","Syrphidae.A - Diptera.D",0.40934037268277,-0.285104764018103,1.16619489701622,0.95,"mode","hdi","Syrphidae.A","Diptera.D"
"312","Syrphidae.B - Diptera.D",0.795995504229797,-0.201972794244438,1.61591238304915,0.95,"mode","hdi","Syrphidae.B","Diptera.D"
"313","Syrphidae.C - Diptera.D",0.453910231382178,0.06967349910287,0.798410494294296,0.95,"mode","hdi","Syrphidae.C","Diptera.D"
"314","Syrphidae.D - Diptera.D",0.371373436045642,0.0782405752692146,0.631441285614083,0.95,"mode","hdi","Syrphidae.D","Diptera.D"
"315","Syrphidae.E - Diptera.D",1.47295342811834,0.541396386498231,2.34744503796778,0.95,"mode","hdi","Syrphidae.E","Diptera.D"
"316","Hymenoptera.A - Diptera.E",0.0946456909328925,-0.823902951400802,0.890251090423267,0.95,"mode","hdi","Hymenoptera.A","Diptera.E"
"317","Hymenoptera.B - Diptera.E",0.255338430077747,-0.561588317885316,0.981840974496069,0.95,"mode","hdi","Hymenoptera.B","Diptera.E"
"318","Hymenoptera.C - Diptera.E",-0.697279568997099,-1.53913487019626,-0.092486645363552,0.95,"mode","hdi","Hymenoptera.C","Diptera.E"
"319","Hymenoptera.D - Diptera.E",-1.11459156696818,-2.04300878419941,-0.271678448219376,0.95,"mode","hdi","Hymenoptera.D","Diptera.E"
"320","Hymenoptera.E - Diptera.E",-0.543300145836025,-1.0243144948835,-0.039630700287435,0.95,"mode","hdi","Hymenoptera.E","Diptera.E"
"321","Lepidoptera.A - Diptera.E",-0.355772809830921,-1.311279862439,0.389976779540229,0.95,"mode","hdi","Lepidoptera.A","Diptera.E"
"322","Lepidoptera.B - Diptera.E",0.00853603173730155,-0.839842527858874,0.766282268777738,0.95,"mode","hdi","Lepidoptera.B","Diptera.E"
"323","Lepidoptera.C - Diptera.E",-0.793905876261373,-1.56436401402896,-0.115794149502415,0.95,"mode","hdi","Lepidoptera.C","Diptera.E"
"324","Lepidoptera.D - Diptera.E",-1.00659031300693,-1.762366437812,-0.163889989879016,0.95,"mode","hdi","Lepidoptera.D","Diptera.E"
"325","Lepidoptera.E - Diptera.E",-0.0442542495088545,-0.457506744034303,0.404090603471576,0.95,"mode","hdi","Lepidoptera.E","Diptera.E"
"326","Syrphidae.A - Diptera.E",-0.00332982370021062,-1.01496483948644,0.698251575595716,0.95,"mode","hdi","Syrphidae.A","Diptera.E"
"327","Syrphidae.B - Diptera.E",0.111844429151468,-0.670595494604915,0.95590635665609,0.95,"mode","hdi","Syrphidae.B","Diptera.E"
"328","Syrphidae.C - Diptera.E",-0.0171583145323153,-0.808276527657235,0.638309030346996,0.95,"mode","hdi","Syrphidae.C","Diptera.E"
"329","Syrphidae.D - Diptera.E",-0.143028038973317,-0.921455290415003,0.589755678200898,0.95,"mode","hdi","Syrphidae.D","Diptera.E"
"330","Syrphidae.E - Diptera.E",0.922746461206469,0.331424718447006,1.4418545051288,0.95,"mode","hdi","Syrphidae.E","Diptera.E"
"331","Hymenoptera.B - Hymenoptera.A",0.216759447072757,-0.757035587234148,1.12018450230359,0.95,"mode","hdi","Hymenoptera.B","Hymenoptera.A"
"332","Hymenoptera.C - Hymenoptera.A",-0.946029721702609,-1.49917737229059,-0.140844928851051,0.95,"mode","hdi","Hymenoptera.C","Hymenoptera.A"
"333","Hymenoptera.D - Hymenoptera.A",-1.17171614763308,-2.03858280553286,-0.290524140273486,0.95,"mode","hdi","Hymenoptera.D","Hymenoptera.A"
"334","Hymenoptera.E - Hymenoptera.A",-0.617942133474279,-1.52174951467568,0.376110491600278,0.95,"mode","hdi","Hymenoptera.E","Hymenoptera.A"
"335","Lepidoptera.A - Hymenoptera.A",-0.492788648192813,-0.822605591402709,-0.170259799030552,0.95,"mode","hdi","Lepidoptera.A","Hymenoptera.A"
"336","Lepidoptera.B - Hymenoptera.A",-0.0133304811833286,-0.942792961216913,1.00617127406212,0.95,"mode","hdi","Lepidoptera.B","Hymenoptera.A"
"337","Lepidoptera.C - Hymenoptera.A",-0.925179683120475,-1.59813694883592,-0.246122147272571,0.95,"mode","hdi","Lepidoptera.C","Hymenoptera.A"
"338","Lepidoptera.D - Hymenoptera.A",-1.07260016245349,-1.76972630890982,-0.24572847454976,0.95,"mode","hdi","Lepidoptera.D","Hymenoptera.A"
"339","Lepidoptera.E - Hymenoptera.A",-0.161411175602585,-1.02970649654976,0.832911433261458,0.95,"mode","hdi","Lepidoptera.E","Hymenoptera.A"
"340","Syrphidae.A - Hymenoptera.A",-0.15643916197038,-0.491786936052308,0.167825422354814,0.95,"mode","hdi","Syrphidae.A","Hymenoptera.A"
"341","Syrphidae.B - Hymenoptera.A",0.136993651687574,-0.832777249791136,1.13209327412374,0.95,"mode","hdi","Syrphidae.B","Hymenoptera.A"
"342","Syrphidae.C - Hymenoptera.A",-0.171160609367706,-0.847974830672673,0.50479909327299,0.95,"mode","hdi","Syrphidae.C","Hymenoptera.A"
"343","Syrphidae.D - Hymenoptera.A",-0.314248022784447,-0.948364201107259,0.505519621362509,0.95,"mode","hdi","Syrphidae.D","Hymenoptera.A"
"344","Syrphidae.E - Hymenoptera.A",0.842214830196591,-0.0673498372441657,1.90199734265493,0.95,"mode","hdi","Syrphidae.E","Hymenoptera.A"
"345","Hymenoptera.C - Hymenoptera.B",-1.0795295065813,-1.85004186555092,-0.180890150487298,0.95,"mode","hdi","Hymenoptera.C","Hymenoptera.B"
"346","Hymenoptera.D - Hymenoptera.B",-1.30545620931879,-2.31869316728453,-0.357300542128326,0.95,"mode","hdi","Hymenoptera.D","Hymenoptera.B"
"347","Hymenoptera.E - Hymenoptera.B",-0.775204701134103,-1.59730112553411,0.126109640280948,0.95,"mode","hdi","Hymenoptera.E","Hymenoptera.B"
"348","Lepidoptera.A - Hymenoptera.B",-0.625268757468769,-1.57953811820593,0.344221114359674,0.95,"mode","hdi","Lepidoptera.A","Hymenoptera.B"
"349","Lepidoptera.B - Hymenoptera.B",-0.166014681830778,-0.634482276687085,0.162320678108172,0.95,"mode","hdi","Lepidoptera.B","Hymenoptera.B"
"350","Lepidoptera.C - Hymenoptera.B",-1.11242675032099,-1.91563183559122,-0.262411373497485,0.95,"mode","hdi","Lepidoptera.C","Hymenoptera.B"
"351","Lepidoptera.D - Hymenoptera.B",-1.16694236969489,-2.07495059614537,-0.282178052146026,0.95,"mode","hdi","Lepidoptera.D","Hymenoptera.B"
"352","Lepidoptera.E - Hymenoptera.B",-0.329137052388341,-1.1114760349916,0.581858098684774,0.95,"mode","hdi","Lepidoptera.E","Hymenoptera.B"
"353","Syrphidae.A - Hymenoptera.B",-0.384920514628215,-1.23306965110656,0.665399800726271,0.95,"mode","hdi","Syrphidae.A","Hymenoptera.B"
"354","Syrphidae.B - Hymenoptera.B",-0.0787728562767687,-0.559621109672168,0.434152232277627,0.95,"mode","hdi","Syrphidae.B","Hymenoptera.B"
"355","Syrphidae.C - Hymenoptera.B",-0.362343472478429,-1.14933286727832,0.47992955922718,0.95,"mode","hdi","Syrphidae.C","Hymenoptera.B"
"356","Syrphidae.D - Hymenoptera.B",-0.417742510375762,-1.31708042901546,0.430549524283943,0.95,"mode","hdi","Syrphidae.D","Hymenoptera.B"
"357","Syrphidae.E - Hymenoptera.B",0.688519467699396,-0.195889222197083,1.59350586975353,0.95,"mode","hdi","Syrphidae.E","Hymenoptera.B"
"358","Hymenoptera.D - Hymenoptera.C",-0.402998721994304,-0.936550576342665,0.29589906207022,0.95,"mode","hdi","Hymenoptera.D","Hymenoptera.C"
"359","Hymenoptera.E - Hymenoptera.C",0.168410701115307,-0.566235332011146,1.09747680797542,0.95,"mode","hdi","Hymenoptera.E","Hymenoptera.C"
"360","Lepidoptera.A - Hymenoptera.C",0.371335933013332,-0.34677910230316,0.989095417056995,0.95,"mode","hdi","Lepidoptera.A","Hymenoptera.C"
"361","Lepidoptera.B - Hymenoptera.C",0.752801651289546,-0.0986084407944849,1.59940357890087,0.95,"mode","hdi","Lepidoptera.B","Hymenoptera.C"
"362","Lepidoptera.C - Hymenoptera.C",-0.0808902852232947,-0.257011101757456,0.10104419033761,0.95,"mode","hdi","Lepidoptera.C","Hymenoptera.C"
"363","Lepidoptera.D - Hymenoptera.C",-0.183328454531261,-0.617297195427891,0.248994857496315,0.95,"mode","hdi","Lepidoptera.D","Hymenoptera.C"
"364","Lepidoptera.E - Hymenoptera.C",0.783510975742938,-0.00603226812620239,1.55524343888248,0.95,"mode","hdi","Lepidoptera.E","Hymenoptera.C"
"365","Syrphidae.A - Hymenoptera.C",0.665002825238078,0.00117700825913847,1.35560965042921,0.95,"mode","hdi","Syrphidae.A","Hymenoptera.C"
"366","Syrphidae.B - Hymenoptera.C",0.917516202818697,0.0283823899894786,1.74946993315911,0.95,"mode","hdi","Syrphidae.B","Hymenoptera.C"
"367","Syrphidae.C - Hymenoptera.C",0.681111330653291,0.528642539281261,0.855498972798263,0.95,"mode","hdi","Syrphidae.C","Hymenoptera.C"
"368","Syrphidae.D - Hymenoptera.C",0.567638466028033,0.263512863534729,0.998250052870751,0.95,"mode","hdi","Syrphidae.D","Hymenoptera.C"
"369","Syrphidae.E - Hymenoptera.C",1.68669999404604,0.86117943392577,2.57535839243145,0.95,"mode","hdi","Syrphidae.E","Hymenoptera.C"
"370","Hymenoptera.E - Hymenoptera.D",0.478446580625716,-0.38668742802351,1.61538485097726,0.95,"mode","hdi","Hymenoptera.E","Hymenoptera.D"
"371","Lepidoptera.A - Hymenoptera.D",0.674774142197592,-0.185988456066975,1.51972899808966,0.95,"mode","hdi","Lepidoptera.A","Hymenoptera.D"
"372","Lepidoptera.B - Hymenoptera.D",1.08687684034092,0.126536803202301,2.09273569927895,0.95,"mode","hdi","Lepidoptera.B","Hymenoptera.D"
"373","Lepidoptera.C - Hymenoptera.D",0.282010707088337,-0.330057969090267,0.874167772234903,0.95,"mode","hdi","Lepidoptera.C","Hymenoptera.D"
"374","Lepidoptera.D - Hymenoptera.D",0.134018842081727,-0.431860973417917,0.695184815586614,0.95,"mode","hdi","Lepidoptera.D","Hymenoptera.D"
"375","Lepidoptera.E - Hymenoptera.D",1.10697846294067,0.0932258629755189,1.99410400397298,0.95,"mode","hdi","Lepidoptera.E","Hymenoptera.D"
"376","Syrphidae.A - Hymenoptera.D",0.966109595716341,0.0665399059667804,1.78641836691715,0.95,"mode","hdi","Syrphidae.A","Hymenoptera.D"
"377","Syrphidae.B - Hymenoptera.D",1.24678977568209,0.275214064542539,2.30594213550741,0.95,"mode","hdi","Syrphidae.B","Hymenoptera.D"
"378","Syrphidae.C - Hymenoptera.D",1.08132990284792,0.421928336431578,1.63529616826476,0.95,"mode","hdi","Syrphidae.C","Hymenoptera.D"
"379","Syrphidae.D - Hymenoptera.D",0.899061961790853,0.373362732259957,1.42711511159301,0.95,"mode","hdi","Syrphidae.D","Hymenoptera.D"
"380","Syrphidae.E - Hymenoptera.D",2.00638727732074,0.98546785515297,2.99717081357547,0.95,"mode","hdi","Syrphidae.E","Hymenoptera.D"
"381","Lepidoptera.A - Hymenoptera.E",0.1019332223854,-0.863952162070453,1.00758335682103,0.95,"mode","hdi","Lepidoptera.A","Hymenoptera.E"
"382","Lepidoptera.B - Hymenoptera.E",0.511896203989212,-0.344896720876633,1.4365915372358,0.95,"mode","hdi","Lepidoptera.B","Hymenoptera.E"
"383","Lepidoptera.C - Hymenoptera.E",-0.350502676505299,-1.19801382603741,0.489035204030333,0.95,"mode","hdi","Lepidoptera.C","Hymenoptera.E"
"384","Lepidoptera.D - Hymenoptera.E",-0.343152571763264,-1.38684359864525,0.415977990816625,0.95,"mode","hdi","Lepidoptera.D","Hymenoptera.E"
"385","Lepidoptera.E - Hymenoptera.E",0.505234563614153,-0.130811654041505,1.06432861382399,0.95,"mode","hdi","Lepidoptera.E","Hymenoptera.E"
"386","Syrphidae.A - Hymenoptera.E",0.41418632347301,-0.553718878738691,1.34563980738992,0.95,"mode","hdi","Syrphidae.A","Hymenoptera.E"
"387","Syrphidae.B - Hymenoptera.E",0.604610518183219,-0.23306817838775,1.56893782402254,0.95,"mode","hdi","Syrphidae.B","Hymenoptera.E"
"388","Syrphidae.C - Hymenoptera.E",0.481371570531007,-0.437395215171851,1.23144668529405,0.95,"mode","hdi","Syrphidae.C","Hymenoptera.E"
"389","Syrphidae.D - Hymenoptera.E",0.301461121869109,-0.524469600714278,1.20484620659396,0.95,"mode","hdi","Syrphidae.D","Hymenoptera.E"
"390","Syrphidae.E - Hymenoptera.E",1.498781657752,0.797239729962457,2.17399443993487,0.95,"mode","hdi","Syrphidae.E","Hymenoptera.E"
"391","Lepidoptera.B - Lepidoptera.A",0.495336631980052,-0.485330620166573,1.46322079977201,0.95,"mode","hdi","Lepidoptera.B","Lepidoptera.A"
"392","Lepidoptera.C - Lepidoptera.A",-0.458787066014567,-1.04192959431224,0.287283851173284,0.95,"mode","hdi","Lepidoptera.C","Lepidoptera.A"
"393","Lepidoptera.D - Lepidoptera.A",-0.59598295867298,-1.26637940882185,0.264900446380569,0.95,"mode","hdi","Lepidoptera.D","Lepidoptera.A"
"394","Lepidoptera.E - Lepidoptera.A",0.315756540418744,-0.557972441773185,1.30233761437878,0.95,"mode","hdi","Lepidoptera.E","Lepidoptera.A"
"395","Syrphidae.A - Lepidoptera.A",0.341868876244877,-0.0112399319431074,0.652592428528894,0.95,"mode","hdi","Syrphidae.A","Lepidoptera.A"
"396","Syrphidae.B - Lepidoptera.A",0.601242866658009,-0.355008846897318,1.58094379627252,0.95,"mode","hdi","Syrphidae.B","Lepidoptera.A"
"397","Syrphidae.C - Lepidoptera.A",0.31506788709957,-0.305139175541298,1.01373422442969,0.95,"mode","hdi","Syrphidae.C","Lepidoptera.A"
"398","Syrphidae.D - Lepidoptera.A",0.299286091575815,-0.418670193999106,1.03800906063494,0.95,"mode","hdi","Syrphidae.D","Lepidoptera.A"
"399","Syrphidae.E - Lepidoptera.A",1.37496972724378,0.41767728008537,2.34883571900024,0.95,"mode","hdi","Syrphidae.E","Lepidoptera.A"
"400","Lepidoptera.C - Lepidoptera.B",-0.873747355493794,-1.72572632345249,-0.00935562508961141,0.95,"mode","hdi","Lepidoptera.C","Lepidoptera.B"
"401","Lepidoptera.D - Lepidoptera.B",-1.00347825976783,-1.89231318968569,-0.0449375749908647,0.95,"mode","hdi","Lepidoptera.D","Lepidoptera.B"
"402","Lepidoptera.E - Lepidoptera.B",-0.0637079840492003,-0.87418803145238,0.844847017414852,0.95,"mode","hdi","Lepidoptera.E","Lepidoptera.B"
"403","Syrphidae.A - Lepidoptera.B",-0.130356969568272,-1.12003531865438,0.790506112440981,0.95,"mode","hdi","Syrphidae.A","Lepidoptera.B"
"404","Syrphidae.B - Lepidoptera.B",0.182384742990152,-0.388421870148687,0.671843618764953,0.95,"mode","hdi","Syrphidae.B","Lepidoptera.B"
"405","Syrphidae.C - Lepidoptera.B",-0.128672578652834,-1.00722519275646,0.693417881601548,0.95,"mode","hdi","Syrphidae.C","Lepidoptera.B"
"406","Syrphidae.D - Lepidoptera.B",-0.180499313253221,-1.07100199829721,0.695480866221676,0.95,"mode","hdi","Syrphidae.D","Lepidoptera.B"
"407","Syrphidae.E - Lepidoptera.B",0.93892538941697,0.0299183120709516,1.84367910660858,0.95,"mode","hdi","Syrphidae.E","Lepidoptera.B"
"408","Lepidoptera.D - Lepidoptera.C",-0.092678568572453,-0.553507002306481,0.313088431916819,0.95,"mode","hdi","Lepidoptera.D","Lepidoptera.C"
"409","Lepidoptera.E - Lepidoptera.C",0.802480130304003,-0.00875190214092658,1.55614428061931,0.95,"mode","hdi","Lepidoptera.E","Lepidoptera.C"
"410","Syrphidae.A - Lepidoptera.C",0.777248736418754,0.0683195511004957,1.39048678284042,0.95,"mode","hdi","Syrphidae.A","Lepidoptera.C"
"411","Syrphidae.B - Lepidoptera.C",0.950844306523517,0.134957692890441,1.83468762895644,0.95,"mode","hdi","Syrphidae.B","Lepidoptera.C"
"412","Syrphidae.C - Lepidoptera.C",0.768098706465373,0.604118459800611,0.93066040997963,0.95,"mode","hdi","Syrphidae.C","Lepidoptera.C"
"413","Syrphidae.D - Lepidoptera.C",0.65688950459649,0.31643404288771,1.05302991822276,0.95,"mode","hdi","Syrphidae.D","Lepidoptera.C"
"414","Syrphidae.E - Lepidoptera.C",1.79746638753544,0.95228768797924,2.68853347463555,0.95,"mode","hdi","Syrphidae.E","Lepidoptera.C"
"415","Lepidoptera.E - Lepidoptera.D",0.894824168245175,0.0636489755865037,1.78054144215817,0.95,"mode","hdi","Lepidoptera.E","Lepidoptera.D"
"416","Syrphidae.A - Lepidoptera.D",0.836674623938977,0.0566268967332908,1.58295349389197,0.95,"mode","hdi","Syrphidae.A","Lepidoptera.D"
"417","Syrphidae.B - Lepidoptera.D",1.04691872290767,0.200792850411916,2.08475885135078,0.95,"mode","hdi","Syrphidae.B","Lepidoptera.D"
"418","Syrphidae.C - Lepidoptera.D",0.928119078791704,0.447309884349971,1.28908277813554,0.95,"mode","hdi","Syrphidae.C","Lepidoptera.D"
"419","Syrphidae.D - Lepidoptera.D",0.797844618574878,0.447714434715166,1.12706494877264,0.95,"mode","hdi","Syrphidae.D","Lepidoptera.D"
"420","Syrphidae.E - Lepidoptera.D",1.89977478930357,0.935179746349627,2.7880305570567,0.95,"mode","hdi","Syrphidae.E","Lepidoptera.D"
"421","Syrphidae.A - Lepidoptera.E",-0.0888585805679929,-1.06415292336607,0.789443791875436,0.95,"mode","hdi","Syrphidae.A","Lepidoptera.E"
"422","Syrphidae.B - Lepidoptera.E",0.209358153595562,-0.656054307666093,1.06896469794632,0.95,"mode","hdi","Syrphidae.B","Lepidoptera.E"
"423","Syrphidae.C - Lepidoptera.E",-0.0658564419404903,-0.844233874499242,0.717854171048478,0.95,"mode","hdi","Syrphidae.C","Lepidoptera.E"
"424","Syrphidae.D - Lepidoptera.E",-0.132195704377959,-0.966578595607842,0.698601128964906,0.95,"mode","hdi","Syrphidae.D","Lepidoptera.E"
"425","Syrphidae.E - Lepidoptera.E",0.93017519614864,0.324409907440634,1.57154434285049,0.95,"mode","hdi","Syrphidae.E","Lepidoptera.E"
"426","Syrphidae.B - Syrphidae.A",0.219920147334447,-0.725516783511215,1.22802392140889,0.95,"mode","hdi","Syrphidae.B","Syrphidae.A"
"427","Syrphidae.C - Syrphidae.A",-0.0743430554540845,-0.61299531194596,0.722282278196897,0.95,"mode","hdi","Syrphidae.C","Syrphidae.A"
"428","Syrphidae.D - Syrphidae.A",-0.100322888290579,-0.782411008641896,0.658462196475885,0.95,"mode","hdi","Syrphidae.D","Syrphidae.A"
"429","Syrphidae.E - Syrphidae.A",1.06205663290351,0.0550868011006349,1.98087074222278,0.95,"mode","hdi","Syrphidae.E","Syrphidae.A"
"430","Syrphidae.C - Syrphidae.B",-0.145148259051798,-1.12970575095605,0.587775037553417,0.95,"mode","hdi","Syrphidae.C","Syrphidae.B"
"431","Syrphidae.D - Syrphidae.B",-0.310373053897565,-1.21583965315678,0.590218215215227,0.95,"mode","hdi","Syrphidae.D","Syrphidae.B"
"432","Syrphidae.E - Syrphidae.B",0.753187314476795,-0.148226801383454,1.68519847803005,0.95,"mode","hdi","Syrphidae.E","Syrphidae.B"
"433","Syrphidae.D - Syrphidae.C",-0.122394936840537,-0.439739585207688,0.269050663123904,0.95,"mode","hdi","Syrphidae.D","Syrphidae.C"
"434","Syrphidae.E - Syrphidae.C",1.06141541792326,0.16931533851243,1.89700361438669,0.95,"mode","hdi","Syrphidae.E","Syrphidae.C"
"435","Syrphidae.E - Syrphidae.D",1.11604231523005,0.154371035061262,1.93550102443088,0.95,"mode","hdi","Syrphidae.E","Syrphidae.D"
